-- phpMyAdmin SQL Dump
-- version 5.2.0
-- https://www.phpmyadmin.net/
--
-- Host: 127.0.0.1
-- Generation Time: Jul 18, 2023 at 08:10 AM
-- Server version: 10.4.24-MariaDB
-- PHP Version: 7.4.29

SET SQL_MODE = "NO_AUTO_VALUE_ON_ZERO";
START TRANSACTION;
SET time_zone = "+00:00";


/*!40101 SET @OLD_CHARACTER_SET_CLIENT=@@CHARACTER_SET_CLIENT */;
/*!40101 SET @OLD_CHARACTER_SET_RESULTS=@@CHARACTER_SET_RESULTS */;
/*!40101 SET @OLD_COLLATION_CONNECTION=@@COLLATION_CONNECTION */;
/*!40101 SET NAMES utf8mb4 */;

--
-- Database: `tbl_tpk`
--

-- --------------------------------------------------------

--
-- Table structure for table `tb_checking`
--

CREATE TABLE `tb_checking` (
  `id` int(10) NOT NULL,
  `time` varchar(255) NOT NULL,
  `period` varchar(255) NOT NULL,
  `courses` varchar(255) NOT NULL,
  `course_name` varchar(255) NOT NULL,
  `rooms` varchar(255) NOT NULL,
  `teacher_id` varchar(255) NOT NULL,
  `name` varchar(255) NOT NULL,
  `surname` varchar(255) NOT NULL,
  `absent` varchar(255) NOT NULL,
  `cause` varchar(255) NOT NULL,
  `dateCreate` timestamp NOT NULL DEFAULT current_timestamp() COMMENT 'วันลงข้อมูล'
) ENGINE=InnoDB DEFAULT CHARSET=utf8mb4;

--
-- Dumping data for table `tb_checking`
--

INSERT INTO `tb_checking` (`id`, `time`, `period`, `courses`, `course_name`, `rooms`, `teacher_id`, `name`, `surname`, `absent`, `cause`, `dateCreate`) VALUES
(1, '2023-07-15', '1, 2', 'ค23201', 'คณิตศาสตร์เพิ่มเติม (ม.3)', '7', '3', 'พิชญพงษ์', 'เพียรจริง', '07752', 'ลา', '2023-07-15 12:06:54'),
(2, '2023-07-15', '1, 2', 'ค23201', 'คณิตศาสตร์เพิ่มเติม (ม.3)', '7', '3', 'พิชญพงษ์', 'เพียรจริง', '07743', 'ลา', '2023-07-15 12:06:54'),
(3, '2023-07-15', '1, 2', 'ค23201', 'คณิตศาสตร์เพิ่มเติม (ม.3)', '7', '3', 'พิชญพงษ์', 'เพียรจริง', '07974', 'ลา', '2023-07-15 12:06:54'),
(4, '2023-07-15', '5, 6', 'ค23201', 'คณิตศาสตร์เพิ่มเติม (ม.3)', '9', '3', 'พิชญพงษ์', 'เพียรจริง', '07693', '', '2023-07-15 12:07:31'),
(5, '2023-07-15', '5, 6', 'ค23201', 'คณิตศาสตร์เพิ่มเติม (ม.3)', '9', '3', 'พิชญพงษ์', 'เพียรจริง', '07689', '', '2023-07-15 12:07:31'),
(6, '2023-07-18', '7, 8', 'ค23201', 'คณิตศาสตร์เพิ่มเติม (ม.3)', '18', '3', 'พิชญพงษ์', 'เพียรจริง', '07407', '', '2023-07-18 01:41:20'),
(7, '2023-07-18', '7, 8', 'ค23201', 'คณิตศาสตร์เพิ่มเติม (ม.3)', '18', '3', 'พิชญพงษ์', 'เพียรจริง', '07408', '', '2023-07-18 01:41:20'),
(8, '2023-07-18', '7, 8', 'ค23201', 'คณิตศาสตร์เพิ่มเติม (ม.3)', '18', '3', 'พิชญพงษ์', 'เพียรจริง', '07422', '', '2023-07-18 01:41:20');

-- --------------------------------------------------------

--
-- Table structure for table `tb_courses`
--

CREATE TABLE `tb_courses` (
  `tb_course_id` int(12) NOT NULL,
  `tb_course_code` varchar(20) NOT NULL,
  `tb_course_name` varchar(255) NOT NULL,
  `tb_teacher_id` int(5) NOT NULL,
  `tb_course_day` varchar(255) NOT NULL,
  `tb_course_time` varchar(255) NOT NULL
) ENGINE=MyISAM DEFAULT CHARSET=utf8;

--
-- Dumping data for table `tb_courses`
--

INSERT INTO `tb_courses` (`tb_course_id`, `tb_course_code`, `tb_course_name`, `tb_teacher_id`, `tb_course_day`, `tb_course_time`) VALUES
(237, 'พ30207', 'วอลเลย์บอล 1', 5, 'จันทร์', '5-6'),
(238, 'พ30216', 'เพศศึกษา 1', 27, 'จันทร์', '5-6'),
(232, 'พ30203', 'ฟุตบอล 1', 6, 'พุธ', '5-6'),
(233, 'พ30209', 'เทเบิลเทนนิส 1', 5, 'พุธ', '5-6'),
(246, 'ง30264', 'งานกัดกระจก', 32, 'พุธ', '5-6'),
(247, 'ง30214', 'ขนมไทย', 31, 'พุธ', '5-6'),
(242, 'ศ30202', 'การวาดเส้นคนเหมือน', 2, 'ศุกร์', '5-6'),
(243, 'ศ30211', 'ทักษะการขับร้องและประสานเสียง', 38, 'ศุกร์', '5-6'),
(234, 'ง30292', 'ช่างเชื่อมไฟฟ้า', 32, 'จันทร์', '5-6'),
(245, 'พ30205', 'ฟุตซอล 1', 6, 'อังคาร', '5-6'),
(244, 'พ30213', 'แบดมินตัน 1', 27, 'อังคาร', '5-6'),
(239, 'ง30271', 'ศิลปะประดิษฐ์', 21, 'อังคาร', '5-6'),
(252, 'ศ30201', 'ภาพพิมพ์', 2, 'อังคาร', '5-6'),
(241, 'ง30217', 'ชาและวัฒนธรรมการดื่มชา', 12, 'อังคาร', '5-6'),
(230, 'ง20264', 'งานประดิษฐ์โคมและตุงล้านนา', 21, 'พุธ', '3-4'),
(231, 'ง20291', 'ช่างไฟฟ้าในอาคาร', 32, 'พุธ', '3-4'),
(235, 'ง30204', 'มนุษยสัมพันธ์ทางธุรกิจ', 31, 'จันทร์', '5-6'),
(236, 'ว30284', 'การออกแบบผลิตภัณฑ์ด้วยโปรแกรมคอมพิวเตอร์', 42, 'จันทร์', '5-6'),
(204, 'พ20213', 'วอลเลย์บอล 1', 5, 'พุธ', '3-4'),
(205, 'พ20203', 'ฟุตบอล 1', 6, 'พุธ', '3-4'),
(229, 'ท22201', 'การพูดและการเขียนในโอกาสต่าง ๆ', 44, 'อังคาร', '3-4'),
(202, 'ค23201', 'คณิตศาสตร์เพิ่มเติม (ม.3)', 3, 'พุธ', '3-4'),
(191, 'ค21201', 'คณิตศาสตร์เพิ่มเติม (ม.1)', 19, 'จันทร์', '3-4'),
(225, 'พ20255', 'แบดมินตัน', 27, 'จันทร์', '3-4'),
(226, 'ศ20212', 'ทักษะการปฏิบัติดนตรีสากลเบื้องต้น', 38, 'จันทร์', '3-4'),
(227, 'พ20207', 'เทเบิลเทนนิส', 5, 'จันทร์', '3-4'),
(196, 'ง21203', 'อิเล็กทรอนิกส์พื้นฐาน 1', 32, 'จันทร์', '3-4'),
(197, 'ค22201', 'คณิตศาสตร์เพิ่มเติม (ม.2)', 19, 'อังคาร', '3-4'),
(228, 'ศ20202', 'เทคนิคสีน้ำสีโปสเตอร์', 2, 'อังคาร', '3-4'),
(199, 'พ20205', 'ฟุตซอล 1', 6, 'อังคาร', '3-4'),
(200, 'ง20262', 'การประกอบอาหารและการบริการอาหาร', 31, 'อังคาร', '3-4');

-- --------------------------------------------------------

--
-- Table structure for table `tb_main`
--

CREATE TABLE `tb_main` (
  `id` int(10) NOT NULL,
  `time` varchar(255) NOT NULL,
  `period` varchar(255) NOT NULL,
  `courses` varchar(255) NOT NULL,
  `course_name` varchar(255) NOT NULL,
  `rooms` varchar(255) NOT NULL,
  `teacher_id` varchar(255) NOT NULL,
  `name` varchar(255) NOT NULL,
  `surname` varchar(255) NOT NULL,
  `dateCreate` timestamp NOT NULL DEFAULT current_timestamp() COMMENT 'วันลงข้อมูล'
) ENGINE=InnoDB DEFAULT CHARSET=utf8mb4;

--
-- Dumping data for table `tb_main`
--

INSERT INTO `tb_main` (`id`, `time`, `period`, `courses`, `course_name`, `rooms`, `teacher_id`, `name`, `surname`, `dateCreate`) VALUES
(1, '2023-07-15', '1, 2', 'ค23201', 'คณิตศาสตร์เพิ่มเติม (ม.3)', '7', '3', 'พิชญพงษ์', 'เพียรจริง', '2023-07-15 12:06:38'),
(2, '2023-07-15', '5, 6', 'ค23201', 'คณิตศาสตร์เพิ่มเติม (ม.3)', '9', '3', 'พิชญพงษ์', 'เพียรจริง', '2023-07-15 12:07:20'),
(3, '2023-07-15', '2, 3', 'ค23201', 'คณิตศาสตร์เพิ่มเติม (ม.3)', '9', '3', 'พิชญพงษ์', 'เพียรจริง', '2023-07-15 12:08:45'),
(4, '2023-07-18', '7, 8', 'ค23201', 'คณิตศาสตร์เพิ่มเติม (ม.3)', '18', '3', 'พิชญพงษ์', 'เพียรจริง', '2023-07-18 01:41:00'),
(5, '2023-07-18', '2, 3', 'ค23201', 'คณิตศาสตร์เพิ่มเติม (ม.3)', '4', '3', 'พิชญพงษ์', 'เพียรจริง', '2023-07-18 01:41:36');

-- --------------------------------------------------------

--
-- Table structure for table `tb_reg_courses`
--

CREATE TABLE `tb_reg_courses` (
  `id` int(11) NOT NULL,
  `courses` varchar(255) NOT NULL,
  `course_name` varchar(255) NOT NULL,
  `rooms` varchar(255) NOT NULL,
  `room_name` varchar(255) NOT NULL,
  `teacher_id` varchar(255) NOT NULL,
  `name` varchar(255) NOT NULL,
  `surname` varchar(255) NOT NULL,
  `dateCreate` timestamp NOT NULL DEFAULT current_timestamp() COMMENT 'วันลงข้อมูล'
) ENGINE=InnoDB DEFAULT CHARSET=utf8mb4;

--
-- Dumping data for table `tb_reg_courses`
--

INSERT INTO `tb_reg_courses` (`id`, `courses`, `course_name`, `rooms`, `room_name`, `teacher_id`, `name`, `surname`, `dateCreate`) VALUES
(1, 'ค23201', 'คณิตศาสตร์เพิ่มเติม (ม.3)', '7', 'ม. 3/1', '3', 'พิชญพงษ์', 'เพียรจริง', '2023-07-15 12:06:17'),
(2, 'ค23201', 'คณิตศาสตร์เพิ่มเติม (ม.3)', '8', 'ม. 3/2', '3', 'พิชญพงษ์', 'เพียรจริง', '2023-07-15 12:06:23'),
(3, 'ค23201', 'คณิตศาสตร์เพิ่มเติม (ม.3)', '9', 'ม. 3/3', '3', 'พิชญพงษ์', 'เพียรจริง', '2023-07-15 12:06:30');

-- --------------------------------------------------------

--
-- Table structure for table `tb_rooms`
--

CREATE TABLE `tb_rooms` (
  `tb_room_id` int(12) NOT NULL,
  `tb_room_name` varchar(100) NOT NULL,
  `tb_room_class` int(12) NOT NULL,
  `tb_room_status` int(1) NOT NULL DEFAULT 1,
  `tb_room_date` datetime NOT NULL DEFAULT '0000-00-00 00:00:00'
) ENGINE=MyISAM DEFAULT CHARSET=utf8;

--
-- Dumping data for table `tb_rooms`
--

INSERT INTO `tb_rooms` (`tb_room_id`, `tb_room_name`, `tb_room_class`, `tb_room_status`, `tb_room_date`) VALUES
(1, 'ม. 1/1', 1, 1, '2019-07-06 21:28:52'),
(2, 'ม. 1/2', 1, 1, '2019-07-06 21:29:08'),
(3, 'ม. 1/3', 1, 1, '2019-07-06 21:29:15'),
(4, 'ม. 2/1', 2, 1, '2019-07-06 21:29:24'),
(5, 'ม. 2/2', 2, 1, '2019-07-06 21:29:30'),
(6, 'ม. 2/3', 2, 1, '2019-07-06 21:29:36'),
(7, 'ม. 3/1', 3, 1, '2019-07-06 21:29:46'),
(8, 'ม. 3/2', 3, 1, '2019-07-06 21:29:53'),
(9, 'ม. 3/3', 3, 1, '2019-07-06 21:30:01'),
(10, 'ม. 4/1', 4, 1, '2019-07-06 21:31:17'),
(11, 'ม. 4/2', 4, 1, '2019-07-06 21:31:24'),
(12, 'ม. 4/3', 4, 1, '2019-07-06 21:31:30'),
(13, 'ม. 5/1', 5, 1, '2019-07-06 21:31:36'),
(14, 'ม. 5/2', 5, 1, '2019-07-06 21:31:42'),
(15, 'ม. 5/3', 5, 1, '2019-07-06 21:31:48'),
(16, 'ม. 6/1', 6, 1, '2019-07-06 21:31:58'),
(17, 'ม. 6/2', 6, 1, '2019-07-06 21:32:04'),
(18, 'ม. 6/3', 6, 1, '2019-07-06 21:32:10');

-- --------------------------------------------------------

--
-- Table structure for table `tb_students`
--

CREATE TABLE `tb_students` (
  `tb_student_id` int(12) NOT NULL,
  `tb_student_code` varchar(6) NOT NULL,
  `tb_student_tname` varchar(255) NOT NULL,
  `tb_student_name` varchar(255) NOT NULL,
  `tb_student_sname` varchar(255) NOT NULL,
  `tb_student_degree` int(5) NOT NULL,
  `tb_course_code` varchar(255) NOT NULL
) ENGINE=MyISAM DEFAULT CHARSET=utf8;

--
-- Dumping data for table `tb_students`
--

INSERT INTO `tb_students` (`tb_student_id`, `tb_student_code`, `tb_student_tname`, `tb_student_name`, `tb_student_sname`, `tb_student_degree`, `tb_course_code`) VALUES
(11353, '07778', '3', 'ภูบดินทร์', 'อินต๊ะสาร', 17, ''),
(11352, '07434', '3', 'เอกนรินทร์', 'วงค์มูล', 17, ''),
(11351, '07421', '3', 'ชาญชัย', 'นันตา', 17, ''),
(11350, '07403', '3', 'ภูษิต', 'ราชเนตร', 17, ''),
(11349, '07400', '3', 'ธีรศักดิ์', 'แข่งขัน', 17, ''),
(11348, '07398', '3', 'ณัฏพงศ์', 'แสนเสาร์', 17, ''),
(11347, '07380', '3', 'พรวชิระ', 'เผ่าหาญ', 17, ''),
(11346, '07379', '3', 'ณภัทรพงษ์', 'เรือนสอน', 17, ''),
(11345, '07378', '3', 'ชิติพันธ์', 'เผ่ากันทะ', 17, ''),
(11344, '07361', '3', 'ธีรภัทร', 'เผ่าเต็ม', 17, ''),
(11343, '07359', '3', 'ธณากร', 'ช้างน้อยอำไพ', 17, ''),
(11341, '07412', '4', 'สิริวิมล', 'อินต๊ะวิชา', 16, ''),
(11342, '07356', '3', 'จักรกฤษณ์', 'จันเสนา', 17, ''),
(11340, '07411', '4', 'สนาภัทร', 'สุคง', 16, ''),
(11339, '07371', '4', 'นันทิยา', 'ไชยชิน', 16, ''),
(11338, '07370', '4', 'นันทนา', 'ไชยชิน', 16, ''),
(11337, '07368', '4', 'ทัณฑิกา', 'ฟันเฟือง', 16, ''),
(11336, '07366', '4', 'เกวลิน', 'ไชยวุฒิ', 16, ''),
(11335, '07873', '3', 'ราชันต์', 'อินต๊ะวิชา', 16, ''),
(11334, '07554', '3', 'กฤษณะ', 'ไชยวารินทร์', 16, ''),
(11333, '07402', '3', 'ภูริณัฐ', 'แปงศรี', 16, ''),
(11332, '07383', '3', 'วชิรวิชญ์', 'คำศรี', 16, ''),
(11331, '07382', '3', 'พันธกานต์', 'น้อยรอด', 16, ''),
(11330, '07880', '4', 'จุฑามาศ', 'มาตรมูล', 15, ''),
(11329, '07869', '4', 'อภิญญา', 'แสงเป็ก', 15, ''),
(11328, '07865', '4', 'มยุรา', 'แซ่ฟ้า', 13, ''),
(11327, '07862', '4', 'ณัฐฌนันท์', 'ทุวิลา', 15, ''),
(11325, '07538', '4', 'อชิรญาณ์', 'อนันตภักดิ์', 15, ''),
(11326, '07539', '4', 'อาทิตยา', 'ธะรงค์', 15, ''),
(11324, '07537', '4', 'ไหนฮั่น', 'แซ่จ๋าว', 15, ''),
(11323, '07534', '4', 'วันวิสาข์', 'เผ่าเต็ม', 15, ''),
(11322, '07532', '4', 'พัชริดา', 'นันตา', 15, ''),
(11321, '07527', '4', 'ธัญชนก', 'อินต๊ะสาร', 15, ''),
(11320, '07526', '4', 'ธัญชนก', 'ยังคลัง', 15, ''),
(11319, '07525', '4', 'ณัฏฐธิดา', 'แก้วจม', 15, ''),
(11318, '07524', '4', 'ฐิตาภา', 'พิมวิเศษ', 15, ''),
(11317, '07523', '4', 'ชมภูนุช', 'ยารังษี', 15, ''),
(11316, '07522', '4', 'จิราพร', 'เทียมทอง', 15, ''),
(11315, '07508', '4', 'สุธิมนต์', 'เผ่ากันทะ', 15, ''),
(11314, '07506', '4', 'วิราวรรณ', 'วิจิตร', 15, ''),
(11313, '07505', '4', 'วรินทร์ทิพย์', 'แสนคำลือ', 15, ''),
(11312, '07501', '4', 'พิชญาภา', 'เก่งแรง', 15, ''),
(11311, '07464', '4', 'ภูริชญา', 'บุญงาม', 15, ''),
(11310, '07867', '3', 'ยุคลเดช', 'มาเรียน', 15, ''),
(11309, '07520', '3', 'สุรเชษฐ์', 'เผ่าตุ้ย', 15, ''),
(11308, '07519', '3', 'วชิรวิทย์', 'เมืองชื่น', 15, ''),
(11307, '07518', '3', 'ภูธเรศ', 'ไชยวุฒิ', 15, ''),
(11306, '07492', '3', 'อภิธาร', 'โนติ๊บ', 15, ''),
(11305, '07489', '3', 'ภูริภัทร', 'เมฆอากาศ', 15, ''),
(11303, '07528', '3', 'ธัญชนก', 'ใหม่คำ', 14, ''),
(11304, '07864', '3', 'มนัสนันท์', 'อ้อยกาม', 14, ''),
(11302, '07883', '3', 'ปัทชญา', 'เรือนสอน', 14, ''),
(11301, '07871', '3', 'พชรพล', 'ทะลิ', 14, ''),
(11300, '07543', '3', 'ชนพัฒน์', 'ศิริพานกุล', 14, ''),
(11299, '07521', '3', 'สุวรรณภูมิ', 'รัศมี', 14, ''),
(11298, '07516', '3', 'ต่อตระกูล', 'เหลาทอง', 14, ''),
(11297, '07484', '3', 'ดรรชกร', 'นันตา', 14, ''),
(11296, '07469', '3', 'สิรภพ', 'หมั่นหาเงิน', 14, ''),
(11295, '07375', '3', 'เกริกวรรธน์', 'เผ่าเต็ม', 14, ''),
(11294, '07468', '3', 'สรณ์สิริ', 'ดีมงคล', 14, ''),
(11293, '07363', '3', 'ภานุเดช', 'ไชยวุฒิ', 14, ''),
(11292, '07967', '4', 'สุวรรณิสา', 'อัมพุธ', 13, ''),
(11291, '07965', '4', 'ตรีทิพย์', 'ละเอียดดี', 13, ''),
(11290, '07863', '4', 'ปาลิตา', 'เย็นวงค์', 13, ''),
(11289, '07861', '4', 'นลินนิภา', 'จันต๊ะวงค์', 13, ''),
(11288, '07684', '4', 'กัลญาณี', 'ควรกิจ', 13, ''),
(11287, '07677', '4', 'จารุกร', 'แซ่เฮ้อ', 13, ''),
(11286, '07536', '4', 'สุทธิดา', 'ศรีสมบัติ', 13, ''),
(11285, '07529', '4', 'นวพร', 'บุญเทศ', 13, ''),
(11284, '07509', '4', 'อโณมา', 'สมชัย', 13, ''),
(11283, '07507', '4', 'อิชญาพร', 'อ่องประกฤติ', 13, ''),
(11282, '07503', '4', 'รวิพร', 'กองรัตน์', 13, ''),
(11281, '07500', '4', 'พัทธิรา', 'สีมา', 13, ''),
(11280, '07497', '4', 'กุลนิตา', 'แก้วสืบ', 13, ''),
(11279, '07496', '4', 'กรรณิการ์', 'วิยานันท์', 13, ''),
(11278, '07493', '4', 'กมลพรรณ', 'บัวนาค', 13, ''),
(11277, '07482', '4', 'อโรชา', 'อาจหาญ', 13, ''),
(11276, '07478', '4', 'สิดาพร', 'ไชยราช', 13, ''),
(11275, '07477', '4', 'สกุลรัตน์', 'ตระกลนิรัติศัย', 13, ''),
(11273, '07671', '3', 'กวินเทพ', 'ทวีประพฤทธิ์', 13, ''),
(11274, '07475', '4', 'ปาริฉัตร', 'แปงศรี', 13, ''),
(11272, '07542', '3', 'สุทธินันท์', 'มะลิวงค์', 13, ''),
(11271, '07515', '3', 'จิรภัทร', 'พุทธสอน', 13, ''),
(11270, '07514', '3', 'จักรินทร์', 'อิ่นแก้ว', 13, ''),
(11269, '07512', '3', 'กำภู', 'เชื้อเมือง', 13, ''),
(11268, '07511', '3', 'กฤษณะพัฒน์', 'สิงห์แก้ว', 13, ''),
(11267, '07491', '3', 'อนุนาท', 'นันตา', 13, ''),
(11266, '07490', '3', 'ศุภกิจ', 'วงศ์ษารัตน์', 13, ''),
(11265, '07488', '3', 'พรรณวุฒิ', 'อินต๊ะตอม', 13, ''),
(11264, '07463', '3', 'พงษ์ปณต', 'เผ่ากันทะ', 13, ''),
(11263, '07889', '4', 'ญาดา', 'เจงเฮง', 12, ''),
(11262, '07887', '4', 'เจนจิรา', 'คล่องดี', 12, ''),
(11261, '07885', '4', 'จันทร์จิรา', 'แซ่โซ้ง', 12, ''),
(11259, '07872', '4', 'ปวิชญา', 'กิตติฐานันท์', 12, ''),
(11260, '07884', '4', 'กนกวรรณ', 'จิตมะโนน', 12, ''),
(11258, '07681', '4', 'ไขนภา', 'แซ่ท้าว', 12, ''),
(11257, '07676', '4', 'สร้อยสุดา', 'อาภรณ์สายรุ้ง', 12, ''),
(11256, '07675', '4', 'วีร์สุดา', 'กุลนิวาต', 12, ''),
(11255, '07657', '4', 'สุพียา', 'เผ่าใจมา', 12, ''),
(11254, '07653', '4', 'ศศิวิมล', 'ประดิษฐ', 12, ''),
(11253, '07652', '4', 'วรัชยา', 'ดวงดาว', 12, ''),
(11252, '07649', '4', 'มนัญชยา', 'สมจิตต์', 12, ''),
(11251, '07644', '4', 'พิมพกานต์', 'ขุนกิจ', 12, ''),
(11250, '07642', '4', 'พัชรพร', 'มิ่งขวัญ', 12, ''),
(11249, '07634', '4', 'นิภาพร', 'ทะดวงสอน', 12, ''),
(11248, '07628', '4', 'ณิชกานต์', 'เผ่ากันทะ', 12, ''),
(11247, '07622', '4', 'ชญาดา', 'ไชยลังกา', 12, ''),
(11246, '07612', '4', 'กัญญาภัค', 'ไชยสาร', 12, ''),
(11245, '07608', '3', 'ศุภณัฐ', 'ไชยวุฒิ', 12, ''),
(11244, '07605', '3', 'วีรวัฒน์', 'พรมสิทธิ์', 12, ''),
(11243, '07604', '3', 'วรปรัชญ์', 'ผือเขียว', 12, ''),
(11242, '07603', '3', 'ภูมิพัฒน์', 'ไชยลังกา', 12, ''),
(11241, '07601', '3', 'ภูชิดตะวัน', 'ยะไชย', 12, ''),
(11240, '07597', '3', 'พชรพล', 'อัมพุธ', 12, ''),
(11239, '07595', '3', 'พงษ์พิพัฒน์', 'ไชยลังกา', 12, ''),
(11238, '07584', '3', 'ธนดล', 'บุญจิตร', 12, ''),
(11237, '07580', '3', 'ณัฐสิทธิ์', 'กุลนิวาต', 12, ''),
(11236, '07575', '3', 'ณัฐนนท์', 'ไชยสาร', 12, ''),
(11235, '07574', '3', 'ณัฐดนัย', 'คุ้มวงศ์ดี', 12, ''),
(11234, '07573', '3', 'ชินพัฒน์', 'อินต๊ะสาร', 12, ''),
(11233, '07572', '3', 'ชัยวัฒน์', 'วงค์สุวรรณ', 12, ''),
(11232, '07570', '3', 'ชนาธิป', 'ส่องแสง', 12, ''),
(11231, '07569', '3', 'ชนากานต์', 'สีโยไว', 12, ''),
(11230, '07893', '4', 'อรอุมา', 'วรรณพรม', 11, ''),
(11229, '07892', '4', 'ศุภาวรรณ', 'พรมเสน', 11, ''),
(11228, '07890', '4', 'เบญจรัตน์', 'คำสวย', 11, ''),
(11227, '07886', '4', 'กุลธิดา', 'ศรีวรมย์', 11, ''),
(11226, '07870', '4', 'กมลนัทธ์', 'แซ่จ๋าว', 11, ''),
(11225, '07656', '4', 'ศุภิสรา', 'เลิศคำ', 11, ''),
(11224, '07655', '4', 'ศุภิสรา', 'ไชยวุฒิ', 11, ''),
(11223, '07645', '4', 'พิมพ์ชนก', 'อาธรรมระชะ', 11, ''),
(11222, '07639', '4', 'ผกามาส', 'จันทร์พุฒ', 11, ''),
(11221, '07615', '4', 'กุลธิยากร', 'เผ่าเต็ม', 11, ''),
(11219, '07766', '3', 'ฐปกรณ์', 'เรือนสอน', 11, ''),
(11220, '07632', '4', 'นันทิชา', 'ยิ่งโสภณ', 11, ''),
(11218, '07602', '3', 'ภูมิพัฒน์', 'คำหนัก', 11, ''),
(11217, '07593', '3', 'นันทิพัฒน์', 'ไชยชิน', 11, ''),
(11216, '07591', '3', 'นโรดม', 'บุญเรือง', 11, ''),
(11215, '07589', '3', 'ธีรพงษ์', 'เรือนสอน', 11, ''),
(11214, '07587', '3', 'ธรรมจักร', 'อัมพุธ', 11, ''),
(11213, '07585', '3', 'ธนาชัย', 'โพธา', 11, ''),
(11212, '07576', '3', 'ณัฐพล', 'นันตา', 11, ''),
(11211, '07973', '4', 'ณิชากานต์', 'แซ่เติ๋น', 10, ''),
(11210, '07891', '4', 'ยุพเรศ', 'เผ่าต๊ะใจ', 10, ''),
(11209, '07888', '4', 'ชฎาภรณ์', 'จันต๊ะวงค์', 10, ''),
(11208, '07672', '4', 'มนัสนันท์', 'วุฒิศรี', 10, ''),
(11207, '07659', '4', 'อัจฉรา', 'เทสมุทร์', 10, ''),
(11206, '07650', '4', 'วริชยา', 'จันทรวงค์', 10, ''),
(11205, '07643', '4', 'พาทินธิดา', 'เผ่าดี', 10, ''),
(11204, '07640', '4', 'พรพิมล', 'ราชเนตร', 10, ''),
(11203, '07637', '4', 'ปณิตา', 'บุญยะหยี่', 10, ''),
(11202, '07633', '4', 'ณิชาภัทร', 'ชาญกล้า', 10, ''),
(11201, '07631', '4', 'ทัตษร', 'ต๊ะวงค์', 10, ''),
(11200, '07627', '4', 'ญาณัจฉรา', 'ทะปัญญา', 10, ''),
(11199, '07625', '4', 'ณัฏฐณิชา', 'ยารังษี', 10, ''),
(11198, '07623', '4', 'ชนันธร', 'ทัดศรี', 10, ''),
(11197, '07619', '4', 'จริญา', 'คะนันศรี', 10, ''),
(11196, '07618', '4', 'เขมจิรา', 'อินต๊ะสาร', 10, ''),
(11195, '07617', '4', 'ขวัญจิรา', 'ถาวงค์', 10, ''),
(11194, '07616', '4', 'เกศกนก', 'เผ่าต๊ะใจ', 10, ''),
(11193, '07613', '4', 'กัณฐิกา', 'ทะลิ', 10, ''),
(11192, '07610', '4', 'กนกวรรณ', 'วุฒิศรี', 10, ''),
(11190, '07767', '3', 'จักรกฤษณ์', 'หลิมสกุล', 10, ''),
(11191, '07964', '3', 'วรกานต์', 'พุทธสอน', 10, ''),
(11189, '07609', '3', 'สุวรรณวิชัย', 'พ่อนา', 10, ''),
(11188, '07606', '3', 'วุฒิคุณ', 'มหามิตร', 10, ''),
(11187, '07598', '3', 'พันธิน', 'เมืองชื่น', 10, ''),
(11186, '07583', '3', 'ทวิช', 'ผาแก้ว', 10, ''),
(11185, '07578', '3', 'ณัฐวัฒน์', 'ปิมแปง', 10, ''),
(11184, '07577', '3', 'ณัฐภัทร', 'เผ่ากันทะ', 10, ''),
(11183, '07571', '3', 'ชยางกูร', 'ศรีสำราญ', 10, ''),
(11182, '07568', '3', 'กิตติภพ', 'เผ่ากันทะ', 10, ''),
(11181, '07971', '2', 'ธัญญารัตน์', 'สิทธิมงคล', 9, ''),
(11180, '07775', '2', 'จุฬาลักษณ์', 'เรือนวิเชียร', 9, ''),
(11179, '07773', '2', 'ศุภิชา', 'พุทธสอน', 9, ''),
(11178, '07758', '2', 'อัครยาภรณ์', 'โพนปลัด', 9, ''),
(11177, '07753', '2', 'สิรินภา', 'สอนใจ', 9, ''),
(11176, '07751', '2', 'ศรัณย์พร', 'เผ่ากันทะ', 9, ''),
(11175, '07750', '2', 'วริศรา', 'นันธิเสน', 9, ''),
(11174, '07748', '2', 'วรัญญา', 'แซ่โซ้ง', 9, ''),
(11173, '07747', '2', 'วนาวัลย์', 'ราชเนตร', 9, ''),
(11172, '07746', '2', 'วนัสนันท์', 'บัวผัน', 9, ''),
(11171, '07742', '2', 'ภัคจิรา', 'ไชยวุฒิ', 9, ''),
(11170, '07741', '2', 'พิชญาภัค', 'ทองเกิด', 9, ''),
(11169, '07740', '2', 'เปรมรัศมี', 'จะตุนาม', 9, ''),
(11168, '07739', '2', 'ปุณิการ์', 'เผ่าดี', 9, ''),
(11167, '07737', '2', 'นลิตา', 'ไชยแสง', 9, ''),
(11166, '07732', '2', 'ชัชภารี', 'ไชยวุฒิ', 9, ''),
(11165, '07726', '2', 'กมลพรรณ', 'จันต๊ะวงค์', 9, ''),
(11164, '07882', '1', 'ธนภูมิ', 'เขตร์สมัคร', 9, 'ค21201'),
(11162, '07769', '1', 'เศรษฐพงษ์', 'เผ่ากันทะ', 9, 'ค21201'),
(11163, '07879', '1', 'ไพรฑูรย์', 'ภูดวงดอก', 9, 'ค21201'),
(11161, '07721', '1', 'สุทธิภัทร์', 'เผ่ากันทะ', 9, 'ค21201'),
(11160, '07718', '1', 'ศศิพงษ์', 'ธิวงค์ษา', 9, 'ค21201'),
(11159, '07716', '1', 'วุธวรรษ', 'พินิจ', 9, 'ค22201'),
(11157, '07709', '1', 'ปรเมศวร์', 'ชัยวร', 9, 'ค22201'),
(11158, '07710', '1', 'ปวเรศ', 'เมืองชื่น', 9, ''),
(11156, '07695', '1', 'จิรภัทร', 'วุฒิศรี', 9, 'ค22201'),
(11155, '07693', '1', 'จักริน', 'ตระกลนิรัติศัย', 9, ''),
(11154, '07689', '1', 'กฤตเมธ', 'อินต๊ะปัญญา', 9, ''),
(11153, '07876', '2', 'เด็กหญิิงพัชนิดา', 'อัมพุธ', 8, ''),
(11152, '07772', '2', 'วริศรา', 'เงินเย็น', 8, ''),
(11150, '07754', '2', 'สุกฤตา', 'บัวบาน', 8, ''),
(11151, '07771', '2', 'ฐิตินันท์', 'ลีประเสริฐสุนทร', 8, ''),
(11149, '07745', '2', 'รุ่งไพลิน', 'ยินดี', 8, ''),
(11148, '07736', '2', 'ทิราวรรณ', 'วงค์แก้ว', 8, ''),
(11147, '07734', '2', 'ทักษพร', 'ไชยสาร', 8, ''),
(11146, '07733', '2', 'ณัฐนิชา', 'จำนงสุข', 8, ''),
(11145, '07731', '2', 'ชญานิศ', 'เมืองมูล', 8, ''),
(11144, '07730', '2', 'จุฑามณี', 'ไชยวุฒิ', 8, ''),
(11143, '07727', '2', 'กุลณัฐ', 'บุญชู', 8, ''),
(11142, '07774', '1', 'ศุภกิตติ์', 'มูลน้อย', 8, 'ค22201'),
(11141, '07770', '1', 'ปุณวัฒน์', 'เตชะ', 8, ''),
(11140, '07725', '1', 'อัษฎาวุธ', 'ไชยวุฒิ', 8, ''),
(11139, '07723', '1', 'อภิมุก', 'หวานเสียง', 8, ''),
(11138, '07722', '1', 'อนันต์สิทธิ์', 'ฟองอินทร์', 8, ''),
(11137, '07717', '1', 'ศรายุธ', 'ไชยสาร', 8, ''),
(11136, '07715', '1', 'วรายุทธ', 'ไชยวุฒิ', 8, ''),
(11135, '07714', '1', 'ภานุวัฒน์', 'กายงแว่น', 8, ''),
(11133, '07712', '1', 'พชร', 'ขันตาโย', 8, ''),
(11134, '07713', '1', 'พัชรพล', 'ศรีวิราช', 8, ''),
(11132, '07704', '1', 'ธรากร', 'อินต๊ะสาร', 8, ''),
(11131, '07702', '1', 'ธนัญกร', 'สีเสน', 8, ''),
(11130, '07697', '1', 'ณัฐภูมิ', 'แปงศรี', 8, ''),
(11129, '07692', '1', 'จักร์กริช', 'ยินดี', 8, ''),
(11128, '07691', '1', 'เกษฎากร', 'การเร็ว', 8, ''),
(11127, '07757', '2', 'หทัยกานต์', 'นันตา', 7, ''),
(11126, '07755', '2', 'สุชาดา', 'อินต๊ะสาร', 7, ''),
(11125, '07752', '2', 'ศิราพร', 'วรรณสิงห์', 7, ''),
(11124, '07749', '4', 'วราภรณ์', 'ปัญญา', 7, ''),
(11123, '07744', '2', 'รัชดาพร', 'สายโหง', 7, ''),
(11122, '07743', '2', 'มณฑาทิพย์', 'ภูครองทอง', 7, ''),
(11121, '07738', '2', 'ปรียาพร', 'วงค์ก๋า', 7, ''),
(11119, '07974', '1', 'จักรวาล', 'มหามิตร', 7, ''),
(11120, '07728', '2', 'จารุพิชญา', 'อุทา', 7, ''),
(11118, '07968', '1', 'ธีรวัฒน์', 'ไชยวุฒิ', 7, ''),
(11117, '07724', '1', 'อัษฎายุทธ', 'ทะเย็น', 7, ''),
(11116, '07708', '1', 'นรินทร์', 'เมืองชื่น', 7, ''),
(11115, '07707', '1', 'ธีรภัทร', 'เลี่ยววรรธนกุล', 7, ''),
(11114, '07706', '1', 'ธีรโชติ', 'สวยสม', 7, ''),
(11112, '07701', '1', 'ธนวัฒน์', 'ยารังษี', 7, ''),
(11113, '07705', '1', 'ธัญวุฒิ', 'หวานเสียง', 7, ''),
(11111, '07700', '1', 'แดเนียล', 'เจย์ ฮิคส์', 7, ''),
(11110, '07699', '1', 'ณัฐวุฒิ', 'นาปรัง', 7, ''),
(11109, '07698', '1', 'ณัฐวัฒน์', 'อินทะจักร', 7, ''),
(11108, '07696', '1', 'จิรายุ', 'จะวะนะ', 7, ''),
(11107, '07694', '1', 'จิณณวัตร', 'เขียวงาม', 7, ''),
(11106, '07690', '1', 'กีรติ', 'ชำนาญยา', 7, ''),
(11105, '07688', '1', 'กฤตภาส', 'ธิวงษา', 7, ''),
(11104, '07686', '1', 'กฤตภาส', 'ทะดวงศร', 7, ''),
(11103, '07970', '2', 'กิติยา', 'วัชรประเสริฐผล', 6, ''),
(11102, '07857', '2', 'อันดา', 'หวานเสียง', 6, ''),
(11101, '07855', '2', 'สุภัสสร', 'รัศมี', 6, ''),
(11100, '07852', '2', 'สิรินทรา', 'ปัญโญ', 6, ''),
(11099, '07848', '2', 'ศศิประภา', 'คำมี', 6, ''),
(11098, '07847', '2', 'วริศรา', 'จารึกธรรม', 6, ''),
(11097, '07842', '2', 'ภัทราพร', 'นันตา', 6, ''),
(11096, '07841', '2', 'ภณิดา', 'เผ่าต๊ะใจ', 6, ''),
(11094, '07838', '2', 'พัชรี', 'แซ่ลี', 6, ''),
(11095, '07839', '2', 'พันณิตา', 'แข่งขัน', 6, ''),
(11093, '07831', '2', 'นฤมล', 'ไชยชิน', 6, ''),
(11092, '07828', '2', 'ณกัญญา', 'แซ่ท้าว', 6, ''),
(11091, '07826', '2', 'ฐิตาพร', 'เชมือ', 6, ''),
(11090, '07823', '2', 'ชยุตรา', 'ใจหาญ', 6, ''),
(11089, '07821', '2', 'เกวริน', 'ราชเนตร์', 6, ''),
(11088, '07969', '1', 'ณัฐพนธ์', 'ไชยวุฒิ', 6, ''),
(11087, '07816', '1', 'อนุชิต', 'จันทร์ไทย', 6, ''),
(11086, '07814', '1', 'สุทิวัส', 'แซ่เล้า', 6, ''),
(11085, '07811', '1', 'วีรภัทร', 'เมืองชื่น', 6, ''),
(11084, '07810', '1', 'วีรภัทร', 'แซ่สง', 6, ''),
(11082, '07804', '1', 'พิษณุ', 'แซ่ลี', 6, ''),
(11083, '07807', '1', 'ภานุพงษ์', 'แก้วบุญเรือง', 6, ''),
(11081, '07799', '1', 'ปวเรศ', 'นันตา', 6, ''),
(11080, '07792', '1', 'ณัฐวุฒิ', 'ไชยลังกา', 6, ''),
(11079, '07791', '1', 'ณัฐวุฒิ', 'กุลนิวาต', 6, ''),
(11078, '07789', '1', 'ณัฐกรณ์', 'เรืองคำ', 6, ''),
(11077, '07783', '1', 'กษิดิ์เดช', 'กองรัตน์', 6, ''),
(11076, '07975', '2', 'ฐิติรัตน์', 'แซมือ', 5, ''),
(11075, '07854', '2', 'สุภัทชญา', 'กุลฉวะ', 5, ''),
(11074, '07853', '2', 'สุพิชญา', 'วงค์แก้ว', 5, ''),
(11073, '07850', '2', 'ศิริธัญญา', 'เมืองมูล', 5, ''),
(11072, '07849', '2', 'ศศิวิมล', 'ไชยวุฒิ', 5, ''),
(11071, '07846', '2', 'วรัตน์ธญา', 'นันตา', 5, ''),
(11070, '07844', '2', 'รุ่งทิวา', 'แก้วตาติ๊บ', 5, ''),
(11385, '07976', '4', 'กัญญารันต์', 'โลกคำลือ', 13, ''),
(11068, '07827', '2', 'ฐิติรัตน์', 'นันตา', 5, ''),
(11067, '07825', '2', 'ญาณิดา', 'ไชยวุฒิ', 5, ''),
(11066, '07822', '2', 'จิรัชญา', 'รัตนพันธ์', 5, ''),
(11065, '07815', '1', 'อดิเทพ', 'เผ่ากันทะ', 5, ''),
(11064, '07813', '1', 'ศิวัช', 'มีสีผ่อง', 5, ''),
(11063, '07812', '1', 'ศักดิ์สิทธิ์', 'แซ่เล้า', 5, ''),
(11062, '07809', '1', 'วัชรินทร์', 'แข่งขัน', 5, ''),
(11061, '07803', '1', 'พรภวิษย์', 'ขุนกิจ', 5, ''),
(11060, '07801', '1', 'บุรินทร์', 'แปงศรี', 5, ''),
(11059, '07800', '1', 'ปิยะ', 'ศรีสวัสดิ์', 5, ''),
(11384, '07476', '4', 'ภัทรวดี', 'ตาลใช้', 13, ''),
(11058, '07796', '1', 'ธนวัชร์', 'เผ่ากันทะ', 5, ''),
(11056, '07793', '1', 'ตนุภัทร', 'ไชยวุฒิ', 5, ''),
(11055, '07790', '1', 'ณัฐภัทร', 'เมืองชื่น', 5, ''),
(11054, '07786', '1', 'กิติศักดิ์', 'ภัทวงค์', 5, ''),
(11053, '07785', '1', 'กิตติเทพ', 'จิวหา', 5, ''),
(11052, '07784', '1', 'กิตติกวิน', 'พินิจ', 5, ''),
(11051, '07860', '2', 'อุษามณี', 'เผ่ากันทะ', 4, ''),
(11049, '07843', '2', 'โยษิตา', 'เผ่าเต็ม', 4, ''),
(11050, '07851', '2', 'ศุภิสรา', 'เรือนกูล', 4, ''),
(11048, '07840', '2', 'พิริษา', 'ไชยสาร', 4, ''),
(11047, '07836', '2', 'ปิยะธิดา', 'แสงหิรัญ', 4, ''),
(11046, '07835', '2', 'ปภาดา', 'อิ่มอยู่', 4, ''),
(11045, '07833', '2', 'นิชาภัทร', 'มูลศรี', 4, ''),
(11044, '07832', '2', 'นันทิชา', 'อินต๊ะวิเศษ', 4, ''),
(11043, '07830', '2', 'ธัญพิชชา', 'จอมแปง', 4, ''),
(11042, '07820', '2', 'กัลยาณี', 'เมืองมูล', 4, ''),
(11041, '07881', '1', 'อภิเดช', 'กันธิยะ', 4, ''),
(11039, '07817', '1', 'อนุภัทร', 'จันทร์ไทย', 4, ''),
(11040, '07818', '1', 'อาณกร', 'มะลิวงค์', 4, ''),
(11038, '07808', '1', 'ราชินทร์', 'นันตา', 4, ''),
(11037, '07806', '1', 'ภาณุวิชญ์', 'นันตา', 4, ''),
(11036, '07805', '1', 'พุฒิพงศ์', 'วงศ์พิมพ์', 4, ''),
(11035, '07802', '1', 'พงศกร', 'วันดี', 4, ''),
(11034, '07798', '1', 'ปรัชญา', 'วงอินตา', 4, ''),
(11033, '07797', '1', 'ธัญญพิสิทธิ์', 'เมืองแก้ว', 4, ''),
(11031, '07788', '1', 'ฐาปกรณ์', 'แซ่เบ้', 4, ''),
(11032, '07795', '1', 'ธนภัทร', 'ไชยลังกา', 4, ''),
(11030, '07787', '1', 'เขมณัฏฐ์', 'ขอนวงค์', 4, ''),
(11029, '07782', '1', 'กฤตเมธ', 'ต้นวงศ์', 4, ''),
(11028, '07781', '1', 'กรกต', 'บุญมี', 4, ''),
(11027, '07961', '2', 'อารยา', 'กามอย', 3, ''),
(11026, '07956', '2', 'วรัญญา', 'ศรีวิชัย', 3, ''),
(11025, '07953', '2', 'ภูริชญา', 'บัวนาค', 3, ''),
(11024, '07951', '2', 'ภคพร', 'พุทธสอน', 3, ''),
(11023, '07950', '2', 'เพียงขวัญ', 'แสงลาพิงค์', 3, ''),
(11022, '07949', '2', 'พิชานาถ', 'ปิงยศ', 3, ''),
(11021, '07948', '2', 'พอใจ', 'วุฒิศรี', 3, ''),
(11020, '07947', '2', 'พรรณวิศา', 'เผ่ากันทะ', 3, ''),
(11019, '07945', '2', 'ปีใหม่', 'ศรีวิเศษ', 3, ''),
(11018, '07944', '2', 'ปาณิสรา', 'แก้วแปง', 3, ''),
(11017, '07939', '2', 'บุรัสกร', 'อินต๊ะสาร', 3, ''),
(11016, '07931', '2', 'ครองขวัญ', 'ธงสิบเจ็ด', 3, ''),
(11015, '07930', '2', 'ขวัญจิรา', 'เผ่าเต็ม', 3, ''),
(11014, '07925', '2', 'กชกร', 'ใจวงค์', 3, ''),
(11012, '07919', '1', 'ศศิวัชร', 'หน่อคำ', 3, ''),
(11013, '07922', '1', 'อนุชา', 'ไปเร็ว', 3, ''),
(11011, '07916', '1', 'ยี่ทรัพย์', 'กง', 3, ''),
(11010, '07913', '1', 'พีระสิทธิ์', 'พุ่มตาด', 3, ''),
(11009, '07907', '1', 'นราวุฒิ', 'แซ่กัง', 3, ''),
(11008, '07906', '1', 'นราวิชญ์', 'นันตา', 3, ''),
(11007, '07905', '1', 'ธนาดุล', 'ขวัญแก้ว', 3, ''),
(11006, '07904', '1', 'ธนากร', 'นันตา', 3, ''),
(11005, '07903', '1', 'ธนันชัย', 'ไชยสาร', 3, ''),
(11004, '07963', '2', 'พิมพ์มาดา', 'บัวนาค', 2, ''),
(11003, '07958', '2', 'สุชาดา', 'นามจักร', 2, ''),
(11002, '07952', '2', 'ภูษณิศา', 'ยารังษี', 2, ''),
(11001, '07946', '2', 'พรนภัส', 'เสอียบคง', 2, ''),
(11000, '07941', '2', 'ปวริศา', 'ไชยเรือน', 2, ''),
(10999, '07940', '2', 'ปราณปรียา', 'อุทา', 2, ''),
(10997, '07937', '2', 'นิรัชพร', 'ไชยชิน', 2, ''),
(10998, '07938', '2', 'นุชจิรา', 'อินต๊ะสาร', 2, ''),
(10996, '07936', '2', 'ธารสวรรค์', 'แก้วเบี่ยง', 2, ''),
(10995, '07935', '2', 'ดวงหฤทัย', 'ไชยวุฒิ', 2, ''),
(10994, '07934', '2', 'ณิชชา', 'สร้อยเรือง', 2, ''),
(10993, '07932', '2', 'ชยานันท์', 'ทองปะไพ', 2, ''),
(10992, '07927', '2', 'กุญฑิกา', 'หวานเสียง', 2, ''),
(10991, '07926', '2', 'กันยารัตน์', 'ต่อมคำ', 2, ''),
(10990, '07924', '1', 'เอกสิทธิ์', 'บุญสายมา', 2, ''),
(10989, '07917', '1', 'ยุทธการ', 'พร้อมพงษ์', 2, ''),
(10988, '07915', '1', 'ภาณุพงค์', 'เผ่ากันทะ', 2, ''),
(10987, '07911', '1', 'พชรดนัย', 'พินิจ', 2, ''),
(10986, '07910', '1', 'พงศกร', 'การเร็ว', 2, ''),
(10985, '07909', '1', 'ปวริศ', 'นันตา', 2, ''),
(10984, '07896', '1', 'กีรติ', 'มิ่งแสง', 2, ''),
(10983, '07895', '1', 'กิตติพงษ์', 'เวียงสมุทร', 2, ''),
(10982, '07894', '1', 'กฤตภาส', 'อุ่นเรือน', 2, ''),
(10980, '07966', '2', 'รวินชุดา', 'เมืองชื่น', 1, ''),
(10981, '07972', '2', 'ปวีณรัตน์', 'เลี่ยววรรธนกุล', 1, ''),
(10979, '07960', '2', 'อริสรา', 'การเร็ว', 1, ''),
(10978, '07959', '2', 'อภัสสราพร', 'คำอร่าม', 1, ''),
(10977, '07957', '2', 'ศุภสุตา', 'ศักดิ์สูง', 1, ''),
(10976, '07955', '2', 'รพินภา', 'สุวรรณศรี', 1, ''),
(10975, '07954', '2', 'ยุพารัตน์', 'แซ่ย่าง', 1, ''),
(10974, '07942', '2', 'ปวีณา', 'แซ่ย่าง', 1, ''),
(10973, '07933', '2', 'ณัฐนิชา', 'สีน้อย', 1, ''),
(10972, '07929', '2', 'ขวัญจิรา', 'ไชยวุฒิ', 1, ''),
(10971, '07928', '2', 'เก๋อ', 'แซ่โซ้ง', 1, ''),
(10970, '07943', '1', 'ปัญญากร', 'การเร็ว', 1, ''),
(10969, '07923', '1', 'อภิชาต', 'แนวถาวร', 1, ''),
(10968, '07921', '1', 'อดิเทพ', 'กรดแก้ว', 1, ''),
(10967, '07920', '1', 'ศิโรเวฐน์', 'ยะไชย', 1, ''),
(10966, '07918', '1', 'รัฐภาค', 'อุประ', 1, ''),
(10965, '07914', '1', 'ภัทรพล', 'พันธ์เจริญ', 1, ''),
(10964, '07912', '1', 'พิพัฒน์', 'พินิจ', 1, ''),
(10963, '07908', '1', 'นันทิพัฒน์', 'สิงห์คำ', 1, ''),
(10962, '07902', '1', 'ธนวัฒน์', 'พินิจ', 1, ''),
(10961, '07901', '1', 'ดิศรณ์', 'แซ่เล้า', 1, ''),
(10960, '07900', '1', 'ณัฐพันธ์', 'เผ่าดี', 1, ''),
(10957, '07897', '1', 'จิตติพัฒน์', 'ยะนา', 1, ''),
(10958, '07898', '1', 'ชนกันต์', 'วุฒิศรี', 1, ''),
(10959, '07899', '1', 'ณัฐพัฒน์', 'ปันเจิง', 1, ''),
(11354, '07372', '4', 'เพ็ญพัตร์', 'ผ่องใส', 17, ''),
(11355, '07390', '4', 'พิมชนก', 'ใยมะเริง', 17, ''),
(11356, '07393', '4', 'สุนิสา', 'บุญจิตร', 17, ''),
(11357, '07394', '4', 'อรุโณทัย', 'สมชัย', 17, ''),
(11358, '07410', '4', 'ลักษิกา', 'ถนอม', 17, ''),
(11359, '07413', '4', 'สุจิตรา', 'วงษารัตน์', 17, ''),
(11360, '07355', '3', 'จตุรภุช', 'เผ่ากันทะ', 18, ''),
(11361, '07362', '3', 'พงศ์ณภัทร', 'อินต๊ะสาร', 18, ''),
(11362, '07364', '3', 'สิรภัทร', 'คำดี', 18, ''),
(11363, '07395', '3', 'กิติศักดิ์', 'มหาวัน', 18, ''),
(11364, '07396', '3', 'คณาธิป', 'ยินดี', 18, ''),
(11365, '07405', '3', 'อภิศิษฎ์', 'พินิจ', 18, ''),
(11366, '07423', '3', 'ธนัตถ์', 'เผ่าต๊ะใจ', 18, ''),
(11367, '07369', '4', 'ธิดารัตน์', 'โพนปลัด', 18, ''),
(11368, '07373', '4', 'ภคมล', 'นิลโฉม', 18, ''),
(11369, '07374', '4', 'สุรีรัตน์', 'เสมอเชื้อ', 18, ''),
(11370, '07386', '4', 'กัญญาวีร์', 'เครือดี', 18, ''),
(11371, '07387', '4', 'ชญานิศ', 'วุฒิศรี', 18, ''),
(11372, '07391', '4', 'ภัทรมล', 'เมืองมูล', 18, ''),
(11373, '07406', '4', 'ชญานิศ', 'ไชยมงคล', 18, ''),
(11374, '07407', '4', 'ณัฐริญา', 'สมศรี', 18, ''),
(11375, '07408', '4', 'ภาพิมล', 'วุ่นหา', 18, ''),
(11376, '07422', '4', 'ศิริประกาย', 'นันตา', 18, ''),
(11377, '07424', '4', 'ปิยากร', 'อุตทา', 18, ''),
(11378, '07760', '4', 'ปิยะธิดา', 'สุกุมาลย์', 18, ''),
(11379, '07761', '4', 'เปี่ยมปิติ', 'เจนใจ', 18, ''),
(11380, '07762', '4', 'พรสิริ', 'ศักดิ์สิทธานุภาพ', 18, ''),
(11381, '07763', '4', 'มณฑกานต์', 'ทรงธรรม', 18, ''),
(11382, '07764', '4', 'สุชาวลี', 'แซ่เล้า', 18, ''),
(11383, '07600', '3', 'ภาณุวัฒน์', 'เผ่ากันทะ', 11, ''),
(11386, '07977', '1', 'พงศกร', 'อินต๊ะสาร', 8, ''),
(11387, '07978', '1', 'เตชินท์ ', 'กาวี', 5, '');

-- --------------------------------------------------------

--
-- Table structure for table `tb_teachers`
--

CREATE TABLE `tb_teachers` (
  `tb_teacher_id` int(12) NOT NULL,
  `tb_teacher_idcard` varchar(50) NOT NULL,
  `tb_teacher_name` varchar(255) NOT NULL,
  `tb_teacher_position` int(100) NOT NULL,
  `tb_teacher_number` varchar(50) NOT NULL,
  `tb_teacher_type` varchar(255) NOT NULL,
  `tb_teacher_date` datetime NOT NULL,
  `tb_teacher_degree` varchar(20) NOT NULL,
  `tb_teacher_phone` varchar(20) NOT NULL,
  `tb_teacher_status` int(1) NOT NULL DEFAULT 1,
  `tb_academic_id` int(12) NOT NULL,
  `tb_teacher_time` int(12) NOT NULL,
  `tb_department_id` int(12) NOT NULL,
  `tb_teacher_edudown` varchar(255) NOT NULL,
  `tb_teacher_majordown` varchar(255) NOT NULL,
  `tb_teacher_edutee` varchar(255) NOT NULL,
  `tb_teacher_majortee` varchar(255) NOT NULL,
  `tb_teacher_edutro` varchar(255) NOT NULL,
  `tb_teacher_majortro` varchar(255) NOT NULL,
  `tb_teacher_eduek` varchar(255) NOT NULL,
  `tb_teacher_majorek` varchar(255) NOT NULL,
  `tb_teacher_eduother` varchar(255) NOT NULL,
  `tb_teacher_majorother` varchar(255) NOT NULL,
  `tb_teacher_money1` varchar(255) NOT NULL,
  `tb_teacher_money2` varchar(255) NOT NULL,
  `tb_teacher_money3` varchar(255) NOT NULL,
  `tb_teacher_school1` text NOT NULL,
  `tb_teacher_school2` text NOT NULL,
  `tb_teacher_school3` text NOT NULL,
  `tb_teacher_workother` text NOT NULL,
  `tb_teacher_picture` varchar(255) NOT NULL
) ENGINE=MyISAM DEFAULT CHARSET=utf8;

--
-- Dumping data for table `tb_teachers`
--

INSERT INTO `tb_teachers` (`tb_teacher_id`, `tb_teacher_idcard`, `tb_teacher_name`, `tb_teacher_position`, `tb_teacher_number`, `tb_teacher_type`, `tb_teacher_date`, `tb_teacher_degree`, `tb_teacher_phone`, `tb_teacher_status`, `tb_academic_id`, `tb_teacher_time`, `tb_department_id`, `tb_teacher_edudown`, `tb_teacher_majordown`, `tb_teacher_edutee`, `tb_teacher_majortee`, `tb_teacher_edutro`, `tb_teacher_majortro`, `tb_teacher_eduek`, `tb_teacher_majorek`, `tb_teacher_eduother`, `tb_teacher_majorother`, `tb_teacher_money1`, `tb_teacher_money2`, `tb_teacher_money3`, `tb_teacher_school1`, `tb_teacher_school2`, `tb_teacher_school3`, `tb_teacher_workother`, `tb_teacher_picture`) VALUES
(1, '', 'นายไพฑูรย์ คำดี', 10, '825', '-', '2023-05-22 09:45:23', '', '1', 1, 5, 0, 7, '', '', '', '', '', '', '', '', '', '', '', '', '', '', '', '', '', ''),
(2, '', 'นางสาวสาวิตรี  คำต่อ', 10, '605', '-', '2022-05-23 11:11:08', '4', '1', 1, 5, 0, 4, '', '', '', '', '', '', '', '', '', '', '', '', '', '', '', '', '', 'teacher_7720200804013344.jpg'),
(3, '', 'นายพิชญพงษ์ เพียรจริง', 10, '215', '-', '2020-08-04 13:35:02', '', '1', 1, 5, 0, 9, '', '', '', '', '', '', '', '', '', '', '', '', '', '', '', '', '', 'teacher_4520200804013502.jpg'),
(46, '', 'นายภัทรพล แก้วจิโน', 10, '904', '', '2022-12-06 09:51:51', '1', '0861793282', 1, 0, 0, 7, '', '', '', '', '', '', '', '', '', '', '', '', '', '', '', '', '', ''),
(5, '', 'นายจิระเดช ซองคำ', 6, '506', '-', '2020-08-04 13:36:01', '', '1', 1, 1, 0, 5, '', '', '', '', '', '', '', '', '', '', '', '', '', '', '', '', '', 'teacher_7020200804013601.jpg'),
(6, '', 'ว่าที่ร้อยตรีเจษฎา แก้วจิโน', 5, '501', '-', '2020-08-04 13:36:23', '', '1', 1, 2, 0, 5, '', '', '', '', '', '', '', '', '', '', '', '', '', '', '', '', '', 'teacher_8620200804013623.jpg'),
(7, '', 'นายฉัตรชัย ยะมา', 6, '301', '-', '2020-08-04 13:36:52', '', '1', 1, 1, 0, 8, '', '', '', '', '', '', '', '', '', '', '', '', '', '', '', '', '', 'teacher_7620200804013652.jpg'),
(8, '', 'นางเดือนฉาย จินดา', 6, '813', '-', '2020-08-04 13:37:10', '', '1', 1, 1, 0, 7, '', '', '', '', '', '', '', '', '', '', '', '', '', '', '', '', '', 'teacher_4920200804013710.jpg'),
(9, '', 'นายตาลเดี่ยว ไชยวุฒิ', 9, '451', '-', '2020-08-04 13:37:41', '', '1', 1, 5, 0, 10, '', '', '', '', '', '', '', '', '', '', '', '', '', '', '', '', '', 'teacher_3420200804013741.jpg'),
(10, '', 'นางทัศนีย์ ชุ่มลือ', 5, '407', '-', '2020-08-04 13:38:18', '', '1', 1, 2, 0, 10, '', '', '', '', '', '', '', '', '', '', '', '', '', '', '', '', '', 'teacher_9420200804013818.jpg'),
(12, '', 'นายนาวิน กาวี', 5, '708', '-', '2021-05-28 14:01:36', '15', '0861793282', 1, 2, 0, 8, '', '', '', '', '', '', '', '', '', '', '', '', '', '', '', '', '', ''),
(14, '', 'นางผกากรอง อินดำรงค์', 0, '809', '-', '0000-00-00 00:00:00', '-', '1', 1, 0, 0, 0, '', '', '', '', '', '', '', '', '', '', '', '', '', '', '', '', '', ''),
(15, '', 'นางพิมพ์ลักษณ์ อินต๊ะวิชา', 5, '109', '-', '2021-05-30 15:30:52', '13', '1', 1, 2, 0, 11, '', '', '', '', '', '', '', '', '', '', '', '', '', '', '', '', '', ''),
(17, '', 'นางมัลลิกา คำชุ่ม', 0, '304', '-', '0000-00-00 00:00:00', '-', '1', 1, 0, 0, 0, '', '', '', '', '', '', '', '', '', '', '', '', '', '', '', '', '', ''),
(18, '', 'นางสาวรัตติกาล ชำนาญยา', 0, '804', '-', '0000-00-00 00:00:00', '-', '1', 1, 0, 0, 0, '', '', '', '', '', '', '', '', '', '', '', '', '', '', '', '', '', ''),
(19, '', 'นางรุ่งทิวา กาวี', 5, '206', '-', '2021-05-28 20:15:49', '15', '0819601765', 1, 2, 0, 9, '', '', '', '', '', '', '', '', '', '', '', '', '', '', '', '', '', ''),
(42, '', 'นายวรปรัชญ์  หลวงโย', 6, '707', '', '2020-11-22 11:04:10', '5', '0810361836', 1, 0, 0, 8, '', '', '', '', '', '', '', '', '', '', '', '', '', '', '', '', '', ''),
(21, '', 'นางวรวรรณ ทิพย์รัตน์', 0, '701', '-', '0000-00-00 00:00:00', '-', '1', 1, 0, 0, 0, '', '', '', '', '', '', '', '', '', '', '', '', '', '', '', '', '', ''),
(22, '', 'นายวิศิษฏ์ ราชเนตร', 0, '307', '-', '0000-00-00 00:00:00', '-', '1', 1, 0, 0, 0, '', '', '', '', '', '', '', '', '', '', '', '', '', '', '', '', '', ''),
(23, '', 'นายวุฒิพงษ์ เทียมทอง', 0, '212', '-', '0000-00-00 00:00:00', '-', '1', 1, 0, 0, 0, '', '', '', '', '', '', '', '', '', '', '', '', '', '', '', '', '', ''),
(24, '', 'นางศรีไพร ไชยมงคล', 0, '705', '-', '0000-00-00 00:00:00', '-', '1', 1, 0, 0, 0, '', '', '', '', '', '', '', '', '', '', '', '', '', '', '', '', '', ''),
(26, '', 'นางศิริวรรณ ณน่าน', 0, '114', '-', '0000-00-00 00:00:00', '-', '1', 1, 0, 0, 0, '', '', '', '', '', '', '', '', '', '', '', '', '', '', '', '', '', ''),
(27, '', 'นายสมเกียรติ ถูกนึก', 0, '505', '-', '0000-00-00 00:00:00', '-', '1', 1, 0, 0, 0, '', '', '', '', '', '', '', '', '', '', '', '', '', '', '', '', '', ''),
(28, '', 'นายสมรัตน์ ปัญโญ', 0, '406', '-', '0000-00-00 00:00:00', '-', '1', 1, 0, 0, 0, '', '', '', '', '', '', '', '', '', '', '', '', '', '', '', '', '', ''),
(29, '', 'นายสังคม แก้วจินดา', 0, '302', '-', '0000-00-00 00:00:00', '-', '1', 1, 0, 0, 0, '', '', '', '', '', '', '', '', '', '', '', '', '', '', '', '', '', ''),
(30, '', 'นายสังคม อินต๊ะสาร', 0, '402', '-', '0000-00-00 00:00:00', '-', '1', 1, 0, 0, 0, '', '', '', '', '', '', '', '', '', '', '', '', '', '', '', '', '', ''),
(31, '', 'นางสายพิน อินต๊ะสาร', 6, '706', '-', '2021-05-30 14:58:24', '', '1', 1, 1, 0, 6, '', '', '', '', '', '', '', '', '', '', '', '', '', '', '', '', '', ''),
(32, '', 'ว่าที่ ร.ต.สิทธิสิทธิ์ จินดา', 0, '719', '-', '0000-00-00 00:00:00', '-', '1', 1, 0, 0, 0, '', '', '', '', '', '', '', '', '', '', '', '', '', '', '', '', '', ''),
(33, '', 'นางสิริกัญญา ยะมา', 0, '306', '-', '0000-00-00 00:00:00', '-', '1', 1, 0, 0, 0, '', '', '', '', '', '', '', '', '', '', '', '', '', '', '', '', '', ''),
(34, '', 'นางสาวสุกัญญา เรือนสอน', 0, '401', '-', '0000-00-00 00:00:00', '-', '1', 1, 0, 0, 0, '', '', '', '', '', '', '', '', '', '', '', '', '', '', '', '', '', ''),
(35, '', 'นายสุวัตร กุสสลานุภาพ', 0, '403', '-', '0000-00-00 00:00:00', '-', '1', 1, 0, 0, 0, '', '', '', '', '', '', '', '', '', '', '', '', '', '', '', '', '', ''),
(36, '', 'นางสาวแสงเทียน ช่างคำ', 0, '209', '-', '0000-00-00 00:00:00', '-', '1', 1, 0, 0, 0, '', '', '', '', '', '', '', '', '', '', '', '', '', '', '', '', '', ''),
(38, '', 'นายชานนท์  ทองหล่อ', 10, '602', '-', '2022-11-03 10:24:43', '7', '1', 1, 5, 0, 4, '', '', '', '', '', '', '', '', '', '', '', '', '', '', '', '', '', ''),
(40, '', 'Mr. Munashe', 10, '827', '-', '2022-05-23 11:11:32', '', '1', 1, 0, 0, 7, '', '', '', '', '', '', '', '', '', '', '', '', '', '', '', '', '', ''),
(41, '', 'Admin ทดสอบ', 8, '12345', '', '2020-08-04 09:25:18', '1', '0811914097', 1, 1, 0, 6, '', '', '', '', '', '', '', '', '', '', '', '', '', '', '', '', '', 'teacher_1720190706092243.jpg'),
(45, '', 'นางสาวชรินทร์ทร  ไหมคำ', 10, '903', '', '2022-05-23 11:16:15', '1', '1', 1, 0, 0, 12, '', '', '', '', '', '', '', '', '', '', '', '', '', '', '', '', '', ''),
(44, '', 'นางสาวภาณุมาศ  พุทธสอน', 10, '901', '', '2022-05-23 11:12:17', '12', '1', 1, 0, 0, 11, '', '', '', '', '', '', '', '', '', '', '', '', '', '', '', '', '', '');

-- --------------------------------------------------------

--
-- Table structure for table `tb_users`
--

CREATE TABLE `tb_users` (
  `excel_id` int(11) NOT NULL,
  `id` int(10) NOT NULL,
  `email` varchar(255) NOT NULL,
  `password` varchar(255) NOT NULL,
  `name_title` varchar(55) NOT NULL,
  `name` varchar(255) NOT NULL,
  `surname` varchar(255) NOT NULL,
  `position` varchar(255) NOT NULL,
  `groups` varchar(255) NOT NULL,
  `status` int(11) NOT NULL
) ENGINE=InnoDB DEFAULT CHARSET=utf8mb4;

--
-- Dumping data for table `tb_users`
--

INSERT INTO `tb_users` (`excel_id`, `id`, `email`, `password`, `name_title`, `name`, `surname`, `position`, `groups`, `status`) VALUES
(61, 999, 'admin', 'admin', 'นาย', 'พัชรพล', 'ปิงยศ', 'Dev.', 'IT', 1),
(62, 1, '001', '001', '', 'ไพฑูรย์', 'คำดี', '', '', 0),
(63, 2, '002', '002', '', 'สาวิตรี', 'คำต่อ', '', '', 0),
(64, 3, '003', '003', '', 'พิชญพงษ์', 'เพียรจริง', '', '', 0),
(65, 5, '005', '005', '', 'จิระเดช', 'ซองคำ', '', '', 0),
(66, 6, '006', '006', '', 'เจษฎา', 'แก้วจิโน', '', '', 0),
(67, 7, '007', '007', '', 'ฉัตรชัย', 'ยะมา', '', '', 0),
(68, 8, '008', '008', '', 'เดือนฉาย', 'จินดา', '', '', 0),
(69, 9, '009', '009', '', 'ตาลเดี่ยว', 'ไชยวุฒิ', '', '', 0),
(70, 10, '010', '010', '', 'ทัศนีย์', 'ชุ่มลือ', '', '', 0),
(74, 2147483647, 'nursecmu@gmail.com', '213123', 'นาย', 'patcharapon', 'pingyos', 'ผู้อำนวยการ', 'IT', 1);

--
-- Indexes for dumped tables
--

--
-- Indexes for table `tb_checking`
--
ALTER TABLE `tb_checking`
  ADD PRIMARY KEY (`id`);

--
-- Indexes for table `tb_courses`
--
ALTER TABLE `tb_courses`
  ADD PRIMARY KEY (`tb_course_id`);

--
-- Indexes for table `tb_main`
--
ALTER TABLE `tb_main`
  ADD PRIMARY KEY (`id`);

--
-- Indexes for table `tb_reg_courses`
--
ALTER TABLE `tb_reg_courses`
  ADD PRIMARY KEY (`id`);

--
-- Indexes for table `tb_rooms`
--
ALTER TABLE `tb_rooms`
  ADD PRIMARY KEY (`tb_room_id`);

--
-- Indexes for table `tb_students`
--
ALTER TABLE `tb_students`
  ADD PRIMARY KEY (`tb_student_id`);

--
-- Indexes for table `tb_teachers`
--
ALTER TABLE `tb_teachers`
  ADD PRIMARY KEY (`tb_teacher_id`);

--
-- Indexes for table `tb_users`
--
ALTER TABLE `tb_users`
  ADD PRIMARY KEY (`excel_id`);

--
-- AUTO_INCREMENT for dumped tables
--

--
-- AUTO_INCREMENT for table `tb_checking`
--
ALTER TABLE `tb_checking`
  MODIFY `id` int(10) NOT NULL AUTO_INCREMENT, AUTO_INCREMENT=9;

--
-- AUTO_INCREMENT for table `tb_courses`
--
ALTER TABLE `tb_courses`
  MODIFY `tb_course_id` int(12) NOT NULL AUTO_INCREMENT, AUTO_INCREMENT=253;

--
-- AUTO_INCREMENT for table `tb_main`
--
ALTER TABLE `tb_main`
  MODIFY `id` int(10) NOT NULL AUTO_INCREMENT, AUTO_INCREMENT=6;

--
-- AUTO_INCREMENT for table `tb_reg_courses`
--
ALTER TABLE `tb_reg_courses`
  MODIFY `id` int(11) NOT NULL AUTO_INCREMENT, AUTO_INCREMENT=4;

--
-- AUTO_INCREMENT for table `tb_rooms`
--
ALTER TABLE `tb_rooms`
  MODIFY `tb_room_id` int(12) NOT NULL AUTO_INCREMENT, AUTO_INCREMENT=19;

--
-- AUTO_INCREMENT for table `tb_students`
--
ALTER TABLE `tb_students`
  MODIFY `tb_student_id` int(12) NOT NULL AUTO_INCREMENT, AUTO_INCREMENT=11388;

--
-- AUTO_INCREMENT for table `tb_teachers`
--
ALTER TABLE `tb_teachers`
  MODIFY `tb_teacher_id` int(12) NOT NULL AUTO_INCREMENT, AUTO_INCREMENT=47;

--
-- AUTO_INCREMENT for table `tb_users`
--
ALTER TABLE `tb_users`
  MODIFY `excel_id` int(11) NOT NULL AUTO_INCREMENT, AUTO_INCREMENT=75;
COMMIT;

/*!40101 SET CHARACTER_SET_CLIENT=@OLD_CHARACTER_SET_CLIENT */;
/*!40101 SET CHARACTER_SET_RESULTS=@OLD_CHARACTER_SET_RESULTS */;
/*!40101 SET COLLATION_CONNECTION=@OLD_COLLATION_CONNECTION */;
