-- phpMyAdmin SQL Dump
-- version 5.2.0
-- https://www.phpmyadmin.net/
--
-- Host: 127.0.0.1
-- Generation Time: Jul 21, 2023 at 05:17 AM
-- Server version: 10.4.24-MariaDB
-- PHP Version: 7.4.29

SET SQL_MODE = "NO_AUTO_VALUE_ON_ZERO";
START TRANSACTION;
SET time_zone = "+00:00";


/*!40101 SET @OLD_CHARACTER_SET_CLIENT=@@CHARACTER_SET_CLIENT */;
/*!40101 SET @OLD_CHARACTER_SET_RESULTS=@@CHARACTER_SET_RESULTS */;
/*!40101 SET @OLD_COLLATION_CONNECTION=@@COLLATION_CONNECTION */;
/*!40101 SET NAMES utf8mb4 */;

--
-- Database: `tbl_tpk`
--

-- --------------------------------------------------------

--
-- Table structure for table `ck_checking`
--

CREATE TABLE `ck_checking` (
  `id` int(10) NOT NULL,
  `time` varchar(255) NOT NULL,
  `period` varchar(255) NOT NULL,
  `courses` varchar(255) NOT NULL,
  `course_name` varchar(255) NOT NULL,
  `rooms` varchar(255) NOT NULL,
  `teacher_id` varchar(255) NOT NULL,
  `name_title` varchar(55) NOT NULL,
  `name` varchar(255) NOT NULL,
  `surname` varchar(255) NOT NULL,
  `absent` varchar(255) NOT NULL,
  `cause` varchar(255) NOT NULL,
  `dateCreate` timestamp NOT NULL DEFAULT current_timestamp() COMMENT 'วันลงข้อมูล'
) ENGINE=InnoDB DEFAULT CHARSET=utf8mb4;

--
-- Dumping data for table `ck_checking`
--

INSERT INTO `ck_checking` (`id`, `time`, `period`, `courses`, `course_name`, `rooms`, `teacher_id`, `name_title`, `name`, `surname`, `absent`, `cause`, `dateCreate`) VALUES
(73, '2023-07-21', '1, 2', 'พ30207', 'วอลเลย์บอล 1', '1', '5', 'นาย', 'จิระเดช', 'ซองคำ', '7966', '', '2023-07-21 03:05:51'),
(74, '2023-07-21', '1, 2', 'พ30207', 'วอลเลย์บอล 1', '1', '5', 'นาย', 'จิระเดช', 'ซองคำ', '7972', '', '2023-07-21 03:05:51'),
(75, '2023-07-21', '1, 2', 'พ30207', 'วอลเลย์บอล 1', '1', '5', 'นาย', 'จิระเดช', 'ซองคำ', '7960', '', '2023-07-21 03:05:51'),
(76, '2023-07-21', '1, 2', 'พ30207', 'วอลเลย์บอล 1', '1', '5', 'นาย', 'จิระเดช', 'ซองคำ', '7959', '', '2023-07-21 03:05:51'),
(77, '2023-07-21', '1, 2', 'พ30207', 'วอลเลย์บอล 1', '1', '5', 'นาย', 'จิระเดช', 'ซองคำ', '7957', '', '2023-07-21 03:05:51'),
(78, '2023-07-21', '1, 2', 'พ30207', 'วอลเลย์บอล 1', '1', '5', 'นาย', 'จิระเดช', 'ซองคำ', '7955', '', '2023-07-21 03:05:51'),
(79, '2023-07-21', '1, 2', 'พ30207', 'วอลเลย์บอล 1', '1', '5', 'นาย', 'จิระเดช', 'ซองคำ', '7954', '', '2023-07-21 03:05:51'),
(80, '2023-07-21', '1, 2', 'พ30207', 'วอลเลย์บอล 1', '1', '5', 'นาย', 'จิระเดช', 'ซองคำ', '7942', '', '2023-07-21 03:05:51'),
(81, '2023-07-21', '1, 2', 'พ30207', 'วอลเลย์บอล 1', '1', '5', 'นาย', 'จิระเดช', 'ซองคำ', '7933', '', '2023-07-21 03:05:51'),
(82, '2023-07-21', '1, 2', 'พ30207', 'วอลเลย์บอล 1', '1', '5', 'นาย', 'จิระเดช', 'ซองคำ', '7929', '', '2023-07-21 03:05:51'),
(83, '2023-07-21', '1, 2', 'พ30207', 'วอลเลย์บอล 1', '1', '5', 'นาย', 'จิระเดช', 'ซองคำ', '7912', '', '2023-07-21 03:05:51'),
(84, '2023-07-21', '1, 2', 'พ30207', 'วอลเลย์บอล 1', '1', '5', 'นาย', 'จิระเดช', 'ซองคำ', '7908', '', '2023-07-21 03:05:51'),
(85, '2023-07-21', '1, 2', 'พ30207', 'วอลเลย์บอล 1', '1', '5', 'นาย', 'จิระเดช', 'ซองคำ', '7902', '', '2023-07-21 03:05:51'),
(86, '2023-07-21', '1, 2', 'พ30207', 'วอลเลย์บอล 1', '1', '5', 'นาย', 'จิระเดช', 'ซองคำ', '7901', '', '2023-07-21 03:05:51'),
(87, '2023-07-21', '1, 2', 'พ30207', 'วอลเลย์บอล 1', '1', '5', 'นาย', 'จิระเดช', 'ซองคำ', '7900', '', '2023-07-21 03:05:51'),
(88, '2023-07-21', '1, 2', 'พ30207', 'วอลเลย์บอล 1', '1', '5', 'นาย', 'จิระเดช', 'ซองคำ', '7897', '', '2023-07-21 03:05:51'),
(89, '2023-07-21', '1, 2', 'พ30207', 'วอลเลย์บอล 1', '1', '5', 'นาย', 'จิระเดช', 'ซองคำ', '7898', '', '2023-07-21 03:05:51'),
(90, '2023-07-21', '1, 2', 'พ30207', 'วอลเลย์บอล 1', '1', '5', 'นาย', 'จิระเดช', 'ซองคำ', '7899', '', '2023-07-21 03:05:51'),
(91, '2023-07-21', '7, 8', 'พ30209', 'เทเบิลเทนนิส 1', '11', '5', 'นาย', 'จิระเดช', 'ซองคำ', '7893', '', '2023-07-21 03:06:15'),
(92, '2023-07-21', '7, 8', 'พ30209', 'เทเบิลเทนนิส 1', '11', '5', 'นาย', 'จิระเดช', 'ซองคำ', '7892', '', '2023-07-21 03:06:15'),
(93, '2023-07-21', '7, 8', 'พ30209', 'เทเบิลเทนนิส 1', '11', '5', 'นาย', 'จิระเดช', 'ซองคำ', '7890', '', '2023-07-21 03:06:15'),
(94, '2023-07-21', '7, 8', 'พ30209', 'เทเบิลเทนนิส 1', '11', '5', 'นาย', 'จิระเดช', 'ซองคำ', '7886', '', '2023-07-21 03:06:15'),
(95, '2023-07-21', '7, 8', 'พ30209', 'เทเบิลเทนนิส 1', '11', '5', 'นาย', 'จิระเดช', 'ซองคำ', '7870', '', '2023-07-21 03:06:15'),
(96, '2023-07-21', '7, 8', 'พ30209', 'เทเบิลเทนนิส 1', '11', '5', 'นาย', 'จิระเดช', 'ซองคำ', '7656', '', '2023-07-21 03:06:15'),
(97, '2023-07-21', '7, 8', 'พ30209', 'เทเบิลเทนนิส 1', '11', '5', 'นาย', 'จิระเดช', 'ซองคำ', '7655', '', '2023-07-21 03:06:15'),
(98, '2023-07-21', '7, 8', 'พ30209', 'เทเบิลเทนนิส 1', '11', '5', 'นาย', 'จิระเดช', 'ซองคำ', '7645', '', '2023-07-21 03:06:15'),
(99, '2023-07-21', '7, 8', 'พ30209', 'เทเบิลเทนนิส 1', '11', '5', 'นาย', 'จิระเดช', 'ซองคำ', '7639', '', '2023-07-21 03:06:15'),
(100, '2023-07-21', '4, 5', 'พ20207', 'เทเบิลเทนนิส', '16', '5', 'นาย', 'จิระเดช', 'ซองคำ', '7371', '', '2023-07-21 03:06:32'),
(101, '2023-07-21', '4, 5', 'พ20207', 'เทเบิลเทนนิส', '16', '5', 'นาย', 'จิระเดช', 'ซองคำ', '7554', '', '2023-07-21 03:06:32'),
(102, '2023-07-21', '4, 5', 'พ20207', 'เทเบิลเทนนิส', '16', '5', 'นาย', 'จิระเดช', 'ซองคำ', '7402', '', '2023-07-21 03:06:32'),
(103, '2023-07-21', '4, 5', 'พ20207', 'เทเบิลเทนนิส', '16', '5', 'นาย', 'จิระเดช', 'ซองคำ', '7383', '', '2023-07-21 03:06:32'),
(104, '2023-07-21', '4, 5', 'พ20207', 'เทเบิลเทนนิส', '16', '5', 'นาย', 'จิระเดช', 'ซองคำ', '7382', '', '2023-07-21 03:06:32'),
(105, '2023-07-21', '1, 2', 'พ30209', 'เทเบิลเทนนิส 1', '4', '5', 'นาย', 'จิระเดช', 'ซองคำ', '0', '', '2023-07-21 03:16:33');

-- --------------------------------------------------------

--
-- Table structure for table `ck_courses`
--

CREATE TABLE `ck_courses` (
  `tb_course_id` int(12) NOT NULL,
  `tb_course_code` varchar(20) NOT NULL,
  `tb_course_name` varchar(255) NOT NULL,
  `tb_teacher_id` int(5) NOT NULL
) ENGINE=MyISAM DEFAULT CHARSET=utf8;

--
-- Dumping data for table `ck_courses`
--

INSERT INTO `ck_courses` (`tb_course_id`, `tb_course_code`, `tb_course_name`, `tb_teacher_id`) VALUES
(237, 'พ30207', 'วอลเลย์บอล 1', 5),
(238, 'พ30216', 'เพศศึกษา 1', 27),
(232, 'พ30203', 'ฟุตบอล 1', 6),
(233, 'พ30209', 'เทเบิลเทนนิส 1', 5),
(246, 'ง30264', 'งานกัดกระจก', 32),
(247, 'ง30214', 'ขนมไทย', 31),
(242, 'ศ30202', 'การวาดเส้นคนเหมือน', 2),
(243, 'ศ30211', 'ทักษะการขับร้องและประสานเสียง', 38),
(234, 'ง30292', 'ช่างเชื่อมไฟฟ้า', 32),
(245, 'พ30205', 'ฟุตซอล 1', 6),
(244, 'พ30213', 'แบดมินตัน 1', 27),
(239, 'ง30271', 'ศิลปะประดิษฐ์', 21),
(252, 'ศ30201', 'ภาพพิมพ์', 2),
(241, 'ง30217', 'ชาและวัฒนธรรมการดื่มชา', 12),
(230, 'ง20264', 'งานประดิษฐ์โคมและตุงล้านนา', 21),
(231, 'ง20291', 'ช่างไฟฟ้าในอาคาร', 32),
(235, 'ง30204', 'มนุษยสัมพันธ์ทางธุรกิจ', 31),
(236, 'ว30284', 'การออกแบบผลิตภัณฑ์ด้วยโปรแกรมคอมพิวเตอร์', 42),
(204, 'พ20213', 'วอลเลย์บอล 1', 5),
(205, 'พ20203', 'ฟุตบอล 1', 6),
(229, 'ท22201', 'การพูดและการเขียนในโอกาสต่าง ๆ', 44),
(202, 'ค23201', 'คณิตศาสตร์เพิ่มเติม (ม.3)', 3),
(191, 'ค21201', 'คณิตศาสตร์เพิ่มเติม (ม.1)', 19),
(225, 'พ20255', 'แบดมินตัน', 27),
(226, 'ศ20212', 'ทักษะการปฏิบัติดนตรีสากลเบื้องต้น', 38),
(227, 'พ20207', 'เทเบิลเทนนิส', 5),
(196, 'ง21203', 'อิเล็กทรอนิกส์พื้นฐาน 1', 32),
(197, 'ค22201', 'คณิตศาสตร์เพิ่มเติม (ม.2)', 19),
(228, 'ศ20202', 'เทคนิคสีน้ำสีโปสเตอร์', 2),
(199, 'พ20205', 'ฟุตซอล 1', 6),
(200, 'ง20262', 'การประกอบอาหารและการบริการอาหาร', 31);

-- --------------------------------------------------------

--
-- Table structure for table `ck_main`
--

CREATE TABLE `ck_main` (
  `id` int(10) NOT NULL,
  `time` varchar(255) NOT NULL,
  `period` varchar(255) NOT NULL,
  `courses` varchar(255) NOT NULL,
  `course_name` varchar(255) NOT NULL,
  `rooms` varchar(255) NOT NULL,
  `teacher_id` varchar(255) NOT NULL,
  `name` varchar(255) NOT NULL,
  `surname` varchar(255) NOT NULL,
  `dateCreate` timestamp NOT NULL DEFAULT current_timestamp() COMMENT 'วันลงข้อมูล'
) ENGINE=InnoDB DEFAULT CHARSET=utf8mb4;

--
-- Dumping data for table `ck_main`
--

INSERT INTO `ck_main` (`id`, `time`, `period`, `courses`, `course_name`, `rooms`, `teacher_id`, `name`, `surname`, `dateCreate`) VALUES
(31, '2023-07-21', '1, 2', 'พ30207', 'วอลเลย์บอล 1', '1', '5', 'จิระเดช', 'ซองคำ', '2023-07-21 03:05:38'),
(32, '2023-07-21', '7, 8', 'พ30209', 'เทเบิลเทนนิส 1', '11', '5', 'จิระเดช', 'ซองคำ', '2023-07-21 03:06:06'),
(33, '2023-07-21', '4, 5', 'พ20207', 'เทเบิลเทนนิส', '16', '5', 'จิระเดช', 'ซองคำ', '2023-07-21 03:06:23'),
(34, '2023-07-21', '1, 2', 'พ30209', 'เทเบิลเทนนิส 1', '4', '5', 'จิระเดช', 'ซองคำ', '2023-07-21 03:16:27');

-- --------------------------------------------------------

--
-- Table structure for table `ck_reg_courses`
--

CREATE TABLE `ck_reg_courses` (
  `id` int(11) NOT NULL,
  `courses` varchar(255) NOT NULL,
  `course_name` varchar(255) NOT NULL,
  `rooms` varchar(255) NOT NULL,
  `room_name` varchar(255) NOT NULL,
  `teacher_id` varchar(255) NOT NULL,
  `name` varchar(255) NOT NULL,
  `surname` varchar(255) NOT NULL,
  `dateCreate` timestamp NOT NULL DEFAULT current_timestamp() COMMENT 'วันลงข้อมูล'
) ENGINE=InnoDB DEFAULT CHARSET=utf8mb4;

--
-- Dumping data for table `ck_reg_courses`
--

INSERT INTO `ck_reg_courses` (`id`, `courses`, `course_name`, `rooms`, `room_name`, `teacher_id`, `name`, `surname`, `dateCreate`) VALUES
(1, 'ค23201', 'คณิตศาสตร์เพิ่มเติม (ม.3)', '7', 'ม. 3/1', '3', 'พิชญพงษ์', 'เพียรจริง', '2023-07-15 12:06:17'),
(2, 'ค23201', 'คณิตศาสตร์เพิ่มเติม (ม.3)', '8', 'ม. 3/2', '3', 'พิชญพงษ์', 'เพียรจริง', '2023-07-15 12:06:23'),
(3, 'ค23201', 'คณิตศาสตร์เพิ่มเติม (ม.3)', '9', 'ม. 3/3', '3', 'พิชญพงษ์', 'เพียรจริง', '2023-07-15 12:06:30');

-- --------------------------------------------------------

--
-- Table structure for table `ck_rooms`
--

CREATE TABLE `ck_rooms` (
  `tb_room_id` int(12) NOT NULL,
  `tb_room_name` varchar(100) NOT NULL,
  `tb_room_class` int(12) NOT NULL,
  `tb_room_status` int(1) NOT NULL DEFAULT 1,
  `tb_room_date` datetime NOT NULL DEFAULT '0000-00-00 00:00:00'
) ENGINE=MyISAM DEFAULT CHARSET=utf8;

--
-- Dumping data for table `ck_rooms`
--

INSERT INTO `ck_rooms` (`tb_room_id`, `tb_room_name`, `tb_room_class`, `tb_room_status`, `tb_room_date`) VALUES
(1, 'ม. 1/1', 1, 1, '2019-07-06 21:28:52'),
(2, 'ม. 1/2', 1, 1, '2019-07-06 21:29:08'),
(3, 'ม. 1/3', 1, 1, '2019-07-06 21:29:15'),
(4, 'ม. 2/1', 2, 1, '2019-07-06 21:29:24'),
(5, 'ม. 2/2', 2, 1, '2019-07-06 21:29:30'),
(6, 'ม. 2/3', 2, 1, '2019-07-06 21:29:36'),
(7, 'ม. 3/1', 3, 1, '2019-07-06 21:29:46'),
(8, 'ม. 3/2', 3, 1, '2019-07-06 21:29:53'),
(9, 'ม. 3/3', 3, 1, '2019-07-06 21:30:01'),
(10, 'ม. 4/1', 4, 1, '2019-07-06 21:31:17'),
(11, 'ม. 4/2', 4, 1, '2019-07-06 21:31:24'),
(12, 'ม. 4/3', 4, 1, '2019-07-06 21:31:30'),
(13, 'ม. 5/1', 5, 1, '2019-07-06 21:31:36'),
(14, 'ม. 5/2', 5, 1, '2019-07-06 21:31:42'),
(15, 'ม. 5/3', 5, 1, '2019-07-06 21:31:48'),
(16, 'ม. 6/1', 6, 1, '2019-07-06 21:31:58'),
(17, 'ม. 6/2', 6, 1, '2019-07-06 21:32:04'),
(18, 'ม. 6/3', 6, 1, '2019-07-06 21:32:10');

-- --------------------------------------------------------

--
-- Table structure for table `ck_students`
--

CREATE TABLE `ck_students` (
  `tb_student_id` int(12) NOT NULL,
  `tb_student_code` varchar(6) NOT NULL,
  `tb_student_tname` varchar(255) NOT NULL,
  `tb_student_name` varchar(255) NOT NULL,
  `tb_student_sname` varchar(255) NOT NULL,
  `tb_student_degree` int(5) NOT NULL
) ENGINE=MyISAM DEFAULT CHARSET=utf8;

--
-- Dumping data for table `ck_students`
--

INSERT INTO `ck_students` (`tb_student_id`, `tb_student_code`, `tb_student_tname`, `tb_student_name`, `tb_student_sname`, `tb_student_degree`) VALUES
(11353, '7778', 'นาย', 'ภูบดินทร์', 'อินต๊ะสาร', 17),
(11352, '7434', 'นาย', 'เอกนรินทร์', 'วงค์มูล', 17),
(11351, '7421', 'นาย', 'ชาญชัย', 'นันตา', 17),
(11350, '7403', 'นาย', 'ภูษิต', 'ราชเนตร', 17),
(11349, '7400', 'นาย', 'ธีรศักดิ์', 'แข่งขัน', 17),
(11348, '7398', 'นาย', 'ณัฏพงศ์', 'แสนเสาร์', 17),
(11347, '7380', 'นาย', 'พรวชิระ', 'เผ่าหาญ', 17),
(11346, '7379', 'นาย', 'ณภัทรพงษ์', 'เรือนสอน', 17),
(11345, '7378', 'นาย', 'ชิติพันธ์', 'เผ่ากันทะ', 17),
(11344, '7361', 'นาย', 'ธีรภัทร', 'เผ่าเต็ม', 17),
(11343, '7359', 'นาย', 'ธณากร', 'ช้างน้อยอำไพ', 17),
(11341, '7412', 'นางสาว', 'สิริวิมล', 'อินต๊ะวิชา', 16),
(11342, '7356', 'นาย', 'จักรกฤษณ์', 'จันเสนา', 17),
(11340, '7411', 'นางสาว', 'สนาภัทร', 'สุคง', 16),
(11339, '7371', 'นางสาว', 'นันทิยา', 'ไชยชิน', 16),
(11338, '7370', 'นางสาว', 'นันทนา', 'ไชยชิน', 16),
(11337, '7368', 'นางสาว', 'ทัณฑิกา', 'ฟันเฟือง', 16),
(11336, '7366', 'นางสาว', 'เกวลิน', 'ไชยวุฒิ', 16),
(11335, '7873', 'นาย', 'ราชันต์', 'อินต๊ะวิชา', 16),
(11334, '7554', 'นาย', 'กฤษณะ', 'ไชยวารินทร์', 16),
(11333, '7402', 'นาย', 'ภูริณัฐ', 'แปงศรี', 16),
(11332, '7383', 'นาย', 'วชิรวิชญ์', 'คำศรี', 16),
(11331, '7382', 'นาย', 'พันธกานต์', 'น้อยรอด', 16),
(11330, '7880', 'นางสาว', 'จุฑามาศ', 'มาตรมูล', 15),
(11329, '7869', 'นางสาว', 'อภิญญา', 'แสงเป็ก', 15),
(11328, '7865', 'นางสาว', 'มยุรา', 'แซ่ฟ้า', 13),
(11327, '7862', 'นางสาว', 'ณัฐฌนันท์', 'ทุวิลา', 15),
(11325, '7538', 'นางสาว', 'อชิรญาณ์', 'อนันตภักดิ์', 15),
(11326, '7539', 'นางสาว', 'อาทิตยา', 'ธะรงค์', 15),
(11324, '7537', 'นางสาว', 'ไหนฮั่น', 'แซ่จ๋าว', 15),
(11323, '7534', 'นางสาว', 'วันวิสาข์', 'เผ่าเต็ม', 15),
(11322, '7532', 'นางสาว', 'พัชริดา', 'นันตา', 15),
(11321, '7527', 'นางสาว', 'ธัญชนก', 'อินต๊ะสาร', 15),
(11320, '7526', 'นางสาว', 'ธัญชนก', 'ยังคลัง', 15),
(11319, '7525', 'นางสาว', 'ณัฏฐธิดา', 'แก้วจม', 15),
(11318, '7524', 'นางสาว', 'ฐิตาภา', 'พิมวิเศษ', 15),
(11317, '7523', 'นางสาว', 'ชมภูนุช', 'ยารังษี', 15),
(11316, '7522', 'นางสาว', 'จิราพร', 'เทียมทอง', 15),
(11315, '7508', 'นางสาว', 'สุธิมนต์', 'เผ่ากันทะ', 15),
(11314, '7506', 'นางสาว', 'วิราวรรณ', 'วิจิตร', 15),
(11313, '7505', 'นางสาว', 'วรินทร์ทิพย์', 'แสนคำลือ', 15),
(11312, '7501', 'นางสาว', 'พิชญาภา', 'เก่งแรง', 15),
(11311, '7464', 'นางสาว', 'ภูริชญา', 'บุญงาม', 15),
(11310, '7867', 'นาย', 'ยุคลเดช', 'มาเรียน', 15),
(11309, '7520', 'นาย', 'สุรเชษฐ์', 'เผ่าตุ้ย', 15),
(11308, '7519', 'นาย', 'วชิรวิทย์', 'เมืองชื่น', 15),
(11307, '7518', 'นาย', 'ภูธเรศ', 'ไชยวุฒิ', 15),
(11306, '7492', 'นาย', 'อภิธาร', 'โนติ๊บ', 15),
(11305, '7489', 'นาย', 'ภูริภัทร', 'เมฆอากาศ', 15),
(11303, '7528', 'นาย', 'ธัญชนก', 'ใหม่คำ', 14),
(11304, '7864', 'นาย', 'มนัสนันท์', 'อ้อยกาม', 14),
(11302, '7883', 'นาย', 'ปัทชญา', 'เรือนสอน', 14),
(11301, '7871', 'นาย', 'พชรพล', 'ทะลิ', 14),
(11300, '7543', 'นาย', 'ชนพัฒน์', 'ศิริพานกุล', 14),
(11299, '7521', 'นาย', 'สุวรรณภูมิ', 'รัศมี', 14),
(11298, '7516', 'นาย', 'ต่อตระกูล', 'เหลาทอง', 14),
(11297, '7484', 'นาย', 'ดรรชกร', 'นันตา', 14),
(11296, '7469', 'นาย', 'สิรภพ', 'หมั่นหาเงิน', 14),
(11295, '7375', 'นาย', 'เกริกวรรธน์', 'เผ่าเต็ม', 14),
(11294, '7468', 'นาย', 'สรณ์สิริ', 'ดีมงคล', 14),
(11293, '7363', 'นาย', 'ภานุเดช', 'ไชยวุฒิ', 14),
(11292, '7967', 'นางสาว', 'สุวรรณิสา', 'อัมพุธ', 13),
(11291, '7965', 'นางสาว', 'ตรีทิพย์', 'ละเอียดดี', 13),
(11290, '7863', 'นางสาว', 'ปาลิตา', 'เย็นวงค์', 13),
(11289, '7861', 'นางสาว', 'นลินนิภา', 'จันต๊ะวงค์', 13),
(11288, '7684', 'นางสาว', 'กัลญาณี', 'ควรกิจ', 13),
(11287, '7677', 'นางสาว', 'จารุกร', 'แซ่เฮ้อ', 13),
(11286, '7536', 'นางสาว', 'สุทธิดา', 'ศรีสมบัติ', 13),
(11285, '7529', 'นางสาว', 'นวพร', 'บุญเทศ', 13),
(11284, '7509', 'นางสาว', 'อโณมา', 'สมชัย', 13),
(11283, '7507', 'นางสาว', 'อิชญาพร', 'อ่องประกฤติ', 13),
(11282, '7503', 'นางสาว', 'รวิพร', 'กองรัตน์', 13),
(11281, '7500', 'นางสาว', 'พัทธิรา', 'สีมา', 13),
(11280, '7497', 'นางสาว', 'กุลนิตา', 'แก้วสืบ', 13),
(11279, '7496', 'นางสาว', 'กรรณิการ์', 'วิยานันท์', 13),
(11278, '7493', 'นางสาว', 'กมลพรรณ', 'บัวนาค', 13),
(11277, '7482', 'นางสาว', 'อโรชา', 'อาจหาญ', 13),
(11276, '7478', 'นางสาว', 'สิดาพร', 'ไชยราช', 13),
(11275, '7477', 'นางสาว', 'สกุลรัตน์', 'ตระกลนิรัติศัย', 13),
(11273, '7671', 'นาย', 'กวินเทพ', 'ทวีประพฤทธิ์', 13),
(11274, '7475', 'นางสาว', 'ปาริฉัตร', 'แปงศรี', 13),
(11272, '7542', 'นาย', 'สุทธินันท์', 'มะลิวงค์', 13),
(11271, '7515', 'นาย', 'จิรภัทร', 'พุทธสอน', 13),
(11270, '7514', 'นาย', 'จักรินทร์', 'อิ่นแก้ว', 13),
(11269, '7512', 'นาย', 'กำภู', 'เชื้อเมือง', 13),
(11268, '7511', 'นาย', 'กฤษณะพัฒน์', 'สิงห์แก้ว', 13),
(11267, '7491', 'นาย', 'อนุนาท', 'นันตา', 13),
(11266, '7490', 'นาย', 'ศุภกิจ', 'วงศ์ษารัตน์', 13),
(11265, '7488', 'นาย', 'พรรณวุฒิ', 'อินต๊ะตอม', 13),
(11264, '7463', 'นาย', 'พงษ์ปณต', 'เผ่ากันทะ', 13),
(11263, '7889', 'นางสาว', 'ญาดา', 'เจงเฮง', 12),
(11262, '7887', 'นางสาว', 'เจนจิรา', 'คล่องดี', 12),
(11261, '7885', 'นางสาว', 'จันทร์จิรา', 'แซ่โซ้ง', 12),
(11259, '7872', 'นางสาว', 'ปวิชญา', 'กิตติฐานันท์', 12),
(11260, '7884', 'นางสาว', 'กนกวรรณ', 'จิตมะโนน', 12),
(11258, '7681', 'นางสาว', 'ไขนภา', 'แซ่ท้าว', 12),
(11257, '7676', 'นางสาว', 'สร้อยสุดา', 'อาภรณ์สายรุ้ง', 12),
(11256, '7675', 'นางสาว', 'วีร์สุดา', 'กุลนิวาต', 12),
(11255, '7657', 'นางสาว', 'สุพียา', 'เผ่าใจมา', 12),
(11254, '7653', 'นางสาว', 'ศศิวิมล', 'ประดิษฐ', 12),
(11253, '7652', 'นางสาว', 'วรัชยา', 'ดวงดาว', 12),
(11252, '7649', 'นางสาว', 'มนัญชยา', 'สมจิตต์', 12),
(11251, '7644', 'นางสาว', 'พิมพกานต์', 'ขุนกิจ', 12),
(11250, '7642', 'นางสาว', 'พัชรพร', 'มิ่งขวัญ', 12),
(11249, '7634', 'นางสาว', 'นิภาพร', 'ทะดวงสอน', 12),
(11248, '7628', 'นางสาว', 'ณิชกานต์', 'เผ่ากันทะ', 12),
(11247, '7622', 'นางสาว', 'ชญาดา', 'ไชยลังกา', 12),
(11246, '7612', 'นางสาว', 'กัญญาภัค', 'ไชยสาร', 12),
(11245, '7608', 'นาย', 'ศุภณัฐ', 'ไชยวุฒิ', 12),
(11244, '7605', 'นาย', 'วีรวัฒน์', 'พรมสิทธิ์', 12),
(11243, '7604', 'นาย', 'วรปรัชญ์', 'ผือเขียว', 12),
(11242, '7603', 'นาย', 'ภูมิพัฒน์', 'ไชยลังกา', 12),
(11241, '7601', 'นาย', 'ภูชิดตะวัน', 'ยะไชย', 12),
(11240, '7597', 'นาย', 'พชรพล', 'อัมพุธ', 12),
(11239, '7595', 'นาย', 'พงษ์พิพัฒน์', 'ไชยลังกา', 12),
(11238, '7584', 'นาย', 'ธนดล', 'บุญจิตร', 12),
(11237, '7580', 'นาย', 'ณัฐสิทธิ์', 'กุลนิวาต', 12),
(11236, '7575', 'นาย', 'ณัฐนนท์', 'ไชยสาร', 12),
(11235, '7574', 'นาย', 'ณัฐดนัย', 'คุ้มวงศ์ดี', 12),
(11234, '7573', 'นาย', 'ชินพัฒน์', 'อินต๊ะสาร', 12),
(11233, '7572', 'นาย', 'ชัยวัฒน์', 'วงค์สุวรรณ', 12),
(11232, '7570', 'นาย', 'ชนาธิป', 'ส่องแสง', 12),
(11231, '7569', 'นาย', 'ชนากานต์', 'สีโยไว', 12),
(11230, '7893', 'นางสาว', 'อรอุมา', 'วรรณพรม', 11),
(11229, '7892', 'นางสาว', 'ศุภาวรรณ', 'พรมเสน', 11),
(11228, '7890', 'นางสาว', 'เบญจรัตน์', 'คำสวย', 11),
(11227, '7886', 'นางสาว', 'กุลธิดา', 'ศรีวรมย์', 11),
(11226, '7870', 'นางสาว', 'กมลนัทธ์', 'แซ่จ๋าว', 11),
(11225, '7656', 'นางสาว', 'ศุภิสรา', 'เลิศคำ', 11),
(11224, '7655', 'นางสาว', 'ศุภิสรา', 'ไชยวุฒิ', 11),
(11223, '7645', 'นางสาว', 'พิมพ์ชนก', 'อาธรรมระชะ', 11),
(11222, '7639', 'นางสาว', 'ผกามาส', 'จันทร์พุฒ', 11),
(11221, '7615', 'นางสาว', 'กุลธิยากร', 'เผ่าเต็ม', 11),
(11219, '7766', 'นาย', 'ฐปกรณ์', 'เรือนสอน', 11),
(11220, '7632', 'นางสาว', 'นันทิชา', 'ยิ่งโสภณ', 11),
(11218, '7602', 'นาย', 'ภูมิพัฒน์', 'คำหนัก', 11),
(11217, '7593', 'นาย', 'นันทิพัฒน์', 'ไชยชิน', 11),
(11216, '7591', 'นาย', 'นโรดม', 'บุญเรือง', 11),
(11215, '7589', 'นาย', 'ธีรพงษ์', 'เรือนสอน', 11),
(11214, '7587', 'นาย', 'ธรรมจักร', 'อัมพุธ', 11),
(11213, '7585', 'นาย', 'ธนาชัย', 'โพธา', 11),
(11212, '7576', 'นาย', 'ณัฐพล', 'นันตา', 11),
(11211, '7973', 'นางสาว', 'ณิชากานต์', 'แซ่เติ๋น', 10),
(11210, '7891', 'นางสาว', 'ยุพเรศ', 'เผ่าต๊ะใจ', 10),
(11209, '7888', 'นางสาว', 'ชฎาภรณ์', 'จันต๊ะวงค์', 10),
(11208, '7672', 'นางสาว', 'มนัสนันท์', 'วุฒิศรี', 10),
(11207, '7659', 'นางสาว', 'อัจฉรา', 'เทสมุทร์', 10),
(11206, '7650', 'นางสาว', 'วริชยา', 'จันทรวงค์', 10),
(11205, '7643', 'นางสาว', 'พาทินธิดา', 'เผ่าดี', 10),
(11204, '7640', 'นางสาว', 'พรพิมล', 'ราชเนตร', 10),
(11203, '7637', 'นางสาว', 'ปณิตา', 'บุญยะหยี่', 10),
(11202, '7633', 'นางสาว', 'ณิชาภัทร', 'ชาญกล้า', 10),
(11201, '7631', 'นางสาว', 'ทัตษร', 'ต๊ะวงค์', 10),
(11200, '7627', 'นางสาว', 'ญาณัจฉรา', 'ทะปัญญา', 10),
(11199, '7625', 'นางสาว', 'ณัฏฐณิชา', 'ยารังษี', 10),
(11198, '7623', 'นางสาว', 'ชนันธร', 'ทัดศรี', 10),
(11197, '7619', 'นางสาว', 'จริญา', 'คะนันศรี', 10),
(11196, '7618', 'นางสาว', 'เขมจิรา', 'อินต๊ะสาร', 10),
(11195, '7617', 'นางสาว', 'ขวัญจิรา', 'ถาวงค์', 10),
(11194, '7616', 'นางสาว', 'เกศกนก', 'เผ่าต๊ะใจ', 10),
(11193, '7613', 'นางสาว', 'กัณฐิกา', 'ทะลิ', 10),
(11192, '7610', 'นางสาว', 'กนกวรรณ', 'วุฒิศรี', 10),
(11190, '7767', 'นาย', 'จักรกฤษณ์', 'หลิมสกุล', 10),
(11191, '7964', 'นาย', 'วรกานต์', 'พุทธสอน', 10),
(11189, '7609', 'นาย', 'สุวรรณวิชัย', 'พ่อนา', 10),
(11188, '7606', 'นาย', 'วุฒิคุณ', 'มหามิตร', 10),
(11187, '7598', 'นาย', 'พันธิน', 'เมืองชื่น', 10),
(11186, '7583', 'นาย', 'ทวิช', 'ผาแก้ว', 10),
(11185, '7578', 'นาย', 'ณัฐวัฒน์', 'ปิมแปง', 10),
(11184, '7577', 'นาย', 'ณัฐภัทร', 'เผ่ากันทะ', 10),
(11183, '7571', 'นาย', 'ชยางกูร', 'ศรีสำราญ', 10),
(11182, '7568', 'นาย', 'กิตติภพ', 'เผ่ากันทะ', 10),
(11181, '7971', 'เด็กหญิง', 'ธัญญารัตน์', 'สิทธิมงคล', 9),
(11180, '7775', 'เด็กหญิง', 'จุฬาลักษณ์', 'เรือนวิเชียร', 9),
(11179, '7773', 'เด็กหญิง', 'ศุภิชา', 'พุทธสอน', 9),
(11178, '7758', 'เด็กหญิง', 'อัครยาภรณ์', 'โพนปลัด', 9),
(11177, '7753', 'เด็กหญิง', 'สิรินภา', 'สอนใจ', 9),
(11176, '7751', 'เด็กหญิง', 'ศรัณย์พร', 'เผ่ากันทะ', 9),
(11175, '7750', 'เด็กหญิง', 'วริศรา', 'นันธิเสน', 9),
(11174, '7748', 'เด็กหญิง', 'วรัญญา', 'แซ่โซ้ง', 9),
(11173, '7747', 'เด็กหญิง', 'วนาวัลย์', 'ราชเนตร', 9),
(11172, '7746', 'เด็กหญิง', 'วนัสนันท์', 'บัวผัน', 9),
(11171, '7742', 'เด็กหญิง', 'ภัคจิรา', 'ไชยวุฒิ', 9),
(11170, '7741', 'เด็กหญิง', 'พิชญาภัค', 'ทองเกิด', 9),
(11169, '7740', 'เด็กหญิง', 'เปรมรัศมี', 'จะตุนาม', 9),
(11168, '7739', 'เด็กหญิง', 'ปุณิการ์', 'เผ่าดี', 9),
(11167, '7737', 'เด็กหญิง', 'นลิตา', 'ไชยแสง', 9),
(11166, '7732', 'เด็กหญิง', 'ชัชภารี', 'ไชยวุฒิ', 9),
(11165, '7726', 'เด็กหญิง', 'กมลพรรณ', 'จันต๊ะวงค์', 9),
(11164, '7882', 'เด็กชาย', 'ธนภูมิ', 'เขตร์สมัคร', 9),
(11162, '7769', 'เด็กชาย', 'เศรษฐพงษ์', 'เผ่ากันทะ', 9),
(11163, '7879', 'เด็กชาย', 'ไพรฑูรย์', 'ภูดวงดอก', 9),
(11161, '7721', 'เด็กชาย', 'สุทธิภัทร์', 'เผ่ากันทะ', 9),
(11160, '7718', 'เด็กชาย', 'ศศิพงษ์', 'ธิวงค์ษา', 9),
(11159, '7716', 'เด็กชาย', 'วุธวรรษ', 'พินิจ', 9),
(11157, '7709', 'เด็กชาย', 'ปรเมศวร์', 'ชัยวร', 9),
(11158, '7710', 'เด็กชาย', 'ปวเรศ', 'เมืองชื่น', 9),
(11156, '7695', 'เด็กชาย', 'จิรภัทร', 'วุฒิศรี', 9),
(11155, '7693', 'เด็กชาย', 'จักริน', 'ตระกลนิรัติศัย', 9),
(11154, '7689', 'เด็กชาย', 'กฤตเมธ', 'อินต๊ะปัญญา', 9),
(11153, '7876', 'เด็กหญิง', 'เด็กหญิิงพัชนิดา', 'อัมพุธ', 8),
(11152, '7772', 'เด็กหญิง', 'วริศรา', 'เงินเย็น', 8),
(11150, '7754', 'เด็กหญิง', 'สุกฤตา', 'บัวบาน', 8),
(11151, '7771', 'เด็กหญิง', 'ฐิตินันท์', 'ลีประเสริฐสุนทร', 8),
(11149, '7745', 'เด็กหญิง', 'รุ่งไพลิน', 'ยินดี', 8),
(11148, '7736', 'เด็กหญิง', 'ทิราวรรณ', 'วงค์แก้ว', 8),
(11147, '7734', 'เด็กหญิง', 'ทักษพร', 'ไชยสาร', 8),
(11146, '7733', 'เด็กหญิง', 'ณัฐนิชา', 'จำนงสุข', 8),
(11145, '7731', 'เด็กหญิง', 'ชญานิศ', 'เมืองมูล', 8),
(11144, '7730', 'เด็กหญิง', 'จุฑามณี', 'ไชยวุฒิ', 8),
(11143, '7727', 'เด็กหญิง', 'กุลณัฐ', 'บุญชู', 8),
(11142, '7774', 'เด็กชาย', 'ศุภกิตติ์', 'มูลน้อย', 8),
(11141, '7770', 'เด็กชาย', 'ปุณวัฒน์', 'เตชะ', 8),
(11140, '7725', 'เด็กชาย', 'อัษฎาวุธ', 'ไชยวุฒิ', 8),
(11139, '7723', 'เด็กชาย', 'อภิมุก', 'หวานเสียง', 8),
(11138, '7722', 'เด็กชาย', 'อนันต์สิทธิ์', 'ฟองอินทร์', 8),
(11137, '7717', 'เด็กชาย', 'ศรายุธ', 'ไชยสาร', 8),
(11136, '7715', 'เด็กชาย', 'วรายุทธ', 'ไชยวุฒิ', 8),
(11135, '7714', 'เด็กชาย', 'ภานุวัฒน์', 'กายงแว่น', 8),
(11133, '7712', 'เด็กชาย', 'พชร', 'ขันตาโย', 8),
(11134, '7713', 'เด็กชาย', 'พัชรพล', 'ศรีวิราช', 8),
(11132, '7704', 'เด็กชาย', 'ธรากร', 'อินต๊ะสาร', 8),
(11131, '7702', 'เด็กชาย', 'ธนัญกร', 'สีเสน', 8),
(11130, '7697', 'เด็กชาย', 'ณัฐภูมิ', 'แปงศรี', 8),
(11129, '7692', 'เด็กชาย', 'จักร์กริช', 'ยินดี', 8),
(11128, '7691', 'เด็กชาย', 'เกษฎากร', 'การเร็ว', 8),
(11127, '7757', 'เด็กหญิง', 'หทัยกานต์', 'นันตา', 7),
(11126, '7755', 'เด็กหญิง', 'สุชาดา', 'อินต๊ะสาร', 7),
(11125, '7752', 'เด็กหญิง', 'ศิราพร', 'วรรณสิงห์', 7),
(11124, '7749', 'นางสาว', 'วราภรณ์', 'ปัญญา', 7),
(11123, '7744', 'เด็กหญิง', 'รัชดาพร', 'สายโหง', 7),
(11122, '7743', 'เด็กหญิง', 'มณฑาทิพย์', 'ภูครองทอง', 7),
(11121, '7738', 'เด็กหญิง', 'ปรียาพร', 'วงค์ก๋า', 7),
(11119, '7974', 'เด็กชาย', 'จักรวาล', 'มหามิตร', 7),
(11120, '7728', 'เด็กหญิง', 'จารุพิชญา', 'อุทา', 7),
(11118, '7968', 'เด็กชาย', 'ธีรวัฒน์', 'ไชยวุฒิ', 7),
(11117, '7724', 'เด็กชาย', 'อัษฎายุทธ', 'ทะเย็น', 7),
(11116, '7708', 'เด็กชาย', 'นรินทร์', 'เมืองชื่น', 7),
(11115, '7707', 'เด็กชาย', 'ธีรภัทร', 'เลี่ยววรรธนกุล', 7),
(11114, '7706', 'เด็กชาย', 'ธีรโชติ', 'สวยสม', 7),
(11112, '7701', 'เด็กชาย', 'ธนวัฒน์', 'ยารังษี', 7),
(11113, '7705', 'เด็กชาย', 'ธัญวุฒิ', 'หวานเสียง', 7),
(11111, '7700', 'เด็กชาย', 'แดเนียล', 'เจย์ ฮิคส์', 7),
(11110, '7699', 'เด็กชาย', 'ณัฐวุฒิ', 'นาปรัง', 7),
(11109, '7698', 'เด็กชาย', 'ณัฐวัฒน์', 'อินทะจักร', 7),
(11108, '7696', 'เด็กชาย', 'จิรายุ', 'จะวะนะ', 7),
(11107, '7694', 'เด็กชาย', 'จิณณวัตร', 'เขียวงาม', 7),
(11106, '7690', 'เด็กชาย', 'กีรติ', 'ชำนาญยา', 7),
(11105, '7688', 'เด็กชาย', 'กฤตภาส', 'ธิวงษา', 7),
(11104, '7686', 'เด็กชาย', 'กฤตภาส', 'ทะดวงศร', 7),
(11103, '7970', 'เด็กหญิง', 'กิติยา', 'วัชรประเสริฐผล', 6),
(11102, '7857', 'เด็กหญิง', 'อันดา', 'หวานเสียง', 6),
(11101, '7855', 'เด็กหญิง', 'สุภัสสร', 'รัศมี', 6),
(11100, '7852', 'เด็กหญิง', 'สิรินทรา', 'ปัญโญ', 6),
(11099, '7848', 'เด็กหญิง', 'ศศิประภา', 'คำมี', 6),
(11098, '7847', 'เด็กหญิง', 'วริศรา', 'จารึกธรรม', 6),
(11097, '7842', 'เด็กหญิง', 'ภัทราพร', 'นันตา', 6),
(11096, '7841', 'เด็กหญิง', 'ภณิดา', 'เผ่าต๊ะใจ', 6),
(11094, '7838', 'เด็กหญิง', 'พัชรี', 'แซ่ลี', 6),
(11095, '7839', 'เด็กหญิง', 'พันณิตา', 'แข่งขัน', 6),
(11093, '7831', 'เด็กหญิง', 'นฤมล', 'ไชยชิน', 6),
(11092, '7828', 'เด็กหญิง', 'ณกัญญา', 'แซ่ท้าว', 6),
(11091, '7826', 'เด็กหญิง', 'ฐิตาพร', 'เชมือ', 6),
(11090, '7823', 'เด็กหญิง', 'ชยุตรา', 'ใจหาญ', 6),
(11089, '7821', 'เด็กหญิง', 'เกวริน', 'ราชเนตร์', 6),
(11088, '7969', 'เด็กชาย', 'ณัฐพนธ์', 'ไชยวุฒิ', 6),
(11087, '7816', 'เด็กชาย', 'อนุชิต', 'จันทร์ไทย', 6),
(11086, '7814', 'เด็กชาย', 'สุทิวัส', 'แซ่เล้า', 6),
(11085, '7811', 'เด็กชาย', 'วีรภัทร', 'เมืองชื่น', 6),
(11084, '7810', 'เด็กชาย', 'วีรภัทร', 'แซ่สง', 6),
(11082, '7804', 'เด็กชาย', 'พิษณุ', 'แซ่ลี', 6),
(11083, '7807', 'เด็กชาย', 'ภานุพงษ์', 'แก้วบุญเรือง', 6),
(11081, '7799', 'เด็กชาย', 'ปวเรศ', 'นันตา', 6),
(11080, '7792', 'เด็กชาย', 'ณัฐวุฒิ', 'ไชยลังกา', 6),
(11079, '7791', 'เด็กชาย', 'ณัฐวุฒิ', 'กุลนิวาต', 6),
(11078, '7789', 'เด็กชาย', 'ณัฐกรณ์', 'เรืองคำ', 6),
(11077, '7783', 'เด็กชาย', 'กษิดิ์เดช', 'กองรัตน์', 6),
(11076, '7975', 'เด็กหญิง', 'ฐิติรัตน์', 'แซมือ', 5),
(11075, '7854', 'เด็กหญิง', 'สุภัทชญา', 'กุลฉวะ', 5),
(11074, '7853', 'เด็กหญิง', 'สุพิชญา', 'วงค์แก้ว', 5),
(11073, '7850', 'เด็กหญิง', 'ศิริธัญญา', 'เมืองมูล', 5),
(11072, '7849', 'เด็กหญิง', 'ศศิวิมล', 'ไชยวุฒิ', 5),
(11071, '7846', 'เด็กหญิง', 'วรัตน์ธญา', 'นันตา', 5),
(11070, '7844', 'เด็กหญิง', 'รุ่งทิวา', 'แก้วตาติ๊บ', 5),
(11385, '7976', 'นางสาว', 'กัญญารันต์', 'โลกคำลือ', 13),
(11068, '7827', 'เด็กหญิง', 'ฐิติรัตน์', 'นันตา', 5),
(11067, '7825', 'เด็กหญิง', 'ญาณิดา', 'ไชยวุฒิ', 5),
(11066, '7822', 'เด็กหญิง', 'จิรัชญา', 'รัตนพันธ์', 5),
(11065, '7815', 'เด็กชาย', 'อดิเทพ', 'เผ่ากันทะ', 5),
(11064, '7813', 'เด็กชาย', 'ศิวัช', 'มีสีผ่อง', 5),
(11063, '7812', 'เด็กชาย', 'ศักดิ์สิทธิ์', 'แซ่เล้า', 5),
(11062, '7809', 'เด็กชาย', 'วัชรินทร์', 'แข่งขัน', 5),
(11061, '7803', 'เด็กชาย', 'พรภวิษย์', 'ขุนกิจ', 5),
(11060, '7801', 'เด็กชาย', 'บุรินทร์', 'แปงศรี', 5),
(11059, '7800', 'เด็กชาย', 'ปิยะ', 'ศรีสวัสดิ์', 5),
(11384, '7476', 'นางสาว', 'ภัทรวดี', 'ตาลใช้', 13),
(11058, '7796', 'เด็กชาย', 'ธนวัชร์', 'เผ่ากันทะ', 5),
(11056, '7793', 'เด็กชาย', 'ตนุภัทร', 'ไชยวุฒิ', 5),
(11055, '7790', 'เด็กชาย', 'ณัฐภัทร', 'เมืองชื่น', 5),
(11054, '7786', 'เด็กชาย', 'กิติศักดิ์', 'ภัทวงค์', 5),
(11053, '7785', 'เด็กชาย', 'กิตติเทพ', 'จิวหา', 5),
(11052, '7784', 'เด็กชาย', 'กิตติกวิน', 'พินิจ', 5),
(11051, '7860', 'เด็กหญิง', 'อุษามณี', 'เผ่ากันทะ', 4),
(11049, '7843', 'เด็กหญิง', 'โยษิตา', 'เผ่าเต็ม', 4),
(11050, '7851', 'เด็กหญิง', 'ศุภิสรา', 'เรือนกูล', 4),
(11048, '7840', 'เด็กหญิง', 'พิริษา', 'ไชยสาร', 4),
(11047, '7836', 'เด็กหญิง', 'ปิยะธิดา', 'แสงหิรัญ', 4),
(11046, '7835', 'เด็กหญิง', 'ปภาดา', 'อิ่มอยู่', 4),
(11045, '7833', 'เด็กหญิง', 'นิชาภัทร', 'มูลศรี', 4),
(11044, '7832', 'เด็กหญิง', 'นันทิชา', 'อินต๊ะวิเศษ', 4),
(11043, '7830', 'เด็กหญิง', 'ธัญพิชชา', 'จอมแปง', 4),
(11042, '7820', 'เด็กหญิง', 'กัลยาณี', 'เมืองมูล', 4),
(11041, '7881', 'เด็กชาย', 'อภิเดช', 'กันธิยะ', 4),
(11039, '7817', 'เด็กชาย', 'อนุภัทร', 'จันทร์ไทย', 4),
(11040, '7818', 'เด็กชาย', 'อาณกร', 'มะลิวงค์', 4),
(11038, '7808', 'เด็กชาย', 'ราชินทร์', 'นันตา', 4),
(11037, '7806', 'เด็กชาย', 'ภาณุวิชญ์', 'นันตา', 4),
(11036, '7805', 'เด็กชาย', 'พุฒิพงศ์', 'วงศ์พิมพ์', 4),
(11035, '7802', 'เด็กชาย', 'พงศกร', 'วันดี', 4),
(11034, '7798', 'เด็กชาย', 'ปรัชญา', 'วงอินตา', 4),
(11033, '7797', 'เด็กชาย', 'ธัญญพิสิทธิ์', 'เมืองแก้ว', 4),
(11031, '7788', 'เด็กชาย', 'ฐาปกรณ์', 'แซ่เบ้', 4),
(11032, '7795', 'เด็กชาย', 'ธนภัทร', 'ไชยลังกา', 4),
(11030, '7787', 'เด็กชาย', 'เขมณัฏฐ์', 'ขอนวงค์', 4),
(11029, '7782', 'เด็กชาย', 'กฤตเมธ', 'ต้นวงศ์', 4),
(11028, '7781', 'เด็กชาย', 'กรกต', 'บุญมี', 4),
(11027, '7961', 'เด็กหญิง', 'อารยา', 'กามอย', 3),
(11026, '7956', 'เด็กหญิง', 'วรัญญา', 'ศรีวิชัย', 3),
(11025, '7953', 'เด็กหญิง', 'ภูริชญา', 'บัวนาค', 3),
(11024, '7951', 'เด็กหญิง', 'ภคพร', 'พุทธสอน', 3),
(11023, '7950', 'เด็กหญิง', 'เพียงขวัญ', 'แสงลาพิงค์', 3),
(11022, '7949', 'เด็กหญิง', 'พิชานาถ', 'ปิงยศ', 3),
(11021, '7948', 'เด็กหญิง', 'พอใจ', 'วุฒิศรี', 3),
(11020, '7947', 'เด็กหญิง', 'พรรณวิศา', 'เผ่ากันทะ', 3),
(11019, '7945', 'เด็กหญิง', 'ปีใหม่', 'ศรีวิเศษ', 3),
(11018, '7944', 'เด็กหญิง', 'ปาณิสรา', 'แก้วแปง', 3),
(11017, '7939', 'เด็กหญิง', 'บุรัสกร', 'อินต๊ะสาร', 3),
(11016, '7931', 'เด็กหญิง', 'ครองขวัญ', 'ธงสิบเจ็ด', 3),
(11015, '7930', 'เด็กหญิง', 'ขวัญจิรา', 'เผ่าเต็ม', 3),
(11014, '7925', 'เด็กหญิง', 'กชกร', 'ใจวงค์', 3),
(11012, '7919', 'เด็กชาย', 'ศศิวัชร', 'หน่อคำ', 3),
(11013, '7922', 'เด็กชาย', 'อนุชา', 'ไปเร็ว', 3),
(11011, '7916', 'เด็กชาย', 'ยี่ทรัพย์', 'กง', 3),
(11010, '7913', 'เด็กชาย', 'พีระสิทธิ์', 'พุ่มตาด', 3),
(11009, '7907', 'เด็กชาย', 'นราวุฒิ', 'แซ่กัง', 3),
(11008, '7906', 'เด็กชาย', 'นราวิชญ์', 'นันตา', 3),
(11007, '7905', 'เด็กชาย', 'ธนาดุล', 'ขวัญแก้ว', 3),
(11006, '7904', 'เด็กชาย', 'ธนากร', 'นันตา', 3),
(11005, '7903', 'เด็กชาย', 'ธนันชัย', 'ไชยสาร', 3),
(11004, '7963', 'เด็กหญิง', 'พิมพ์มาดา', 'บัวนาค', 2),
(11003, '7958', 'เด็กหญิง', 'สุชาดา', 'นามจักร', 2),
(11002, '7952', 'เด็กหญิง', 'ภูษณิศา', 'ยารังษี', 2),
(11001, '7946', 'เด็กหญิง', 'พรนภัส', 'เสอียบคง', 2),
(11000, '7941', 'เด็กหญิง', 'ปวริศา', 'ไชยเรือน', 2),
(10999, '7940', 'เด็กหญิง', 'ปราณปรียา', 'อุทา', 2),
(10997, '7937', 'เด็กหญิง', 'นิรัชพร', 'ไชยชิน', 2),
(10998, '7938', 'เด็กหญิง', 'นุชจิรา', 'อินต๊ะสาร', 2),
(10996, '7936', 'เด็กหญิง', 'ธารสวรรค์', 'แก้วเบี่ยง', 2),
(10995, '7935', 'เด็กหญิง', 'ดวงหฤทัย', 'ไชยวุฒิ', 2),
(10994, '7934', 'เด็กหญิง', 'ณิชชา', 'สร้อยเรือง', 2),
(10993, '7932', 'เด็กหญิง', 'ชยานันท์', 'ทองปะไพ', 2),
(10992, '7927', 'เด็กหญิง', 'กุญฑิกา', 'หวานเสียง', 2),
(10991, '7926', 'เด็กหญิง', 'กันยารัตน์', 'ต่อมคำ', 2),
(10990, '7924', 'เด็กชาย', 'เอกสิทธิ์', 'บุญสายมา', 2),
(10989, '7917', 'เด็กชาย', 'ยุทธการ', 'พร้อมพงษ์', 2),
(10988, '7915', 'เด็กชาย', 'ภาณุพงค์', 'เผ่ากันทะ', 2),
(10987, '7911', 'เด็กชาย', 'พชรดนัย', 'พินิจ', 2),
(10986, '7910', 'เด็กชาย', 'พงศกร', 'การเร็ว', 2),
(10985, '7909', 'เด็กชาย', 'ปวริศ', 'นันตา', 2),
(10984, '7896', 'เด็กชาย', 'กีรติ', 'มิ่งแสง', 2),
(10983, '7895', 'เด็กชาย', 'กิตติพงษ์', 'เวียงสมุทร', 2),
(10982, '7894', 'เด็กชาย', 'กฤตภาส', 'อุ่นเรือน', 2),
(10980, '7966', 'เด็กหญิง', 'รวินชุดา', 'เมืองชื่น', 1),
(10981, '7972', 'เด็กหญิง', 'ปวีณรัตน์', 'เลี่ยววรรธนกุล', 1),
(10979, '7960', 'เด็กหญิง', 'อริสรา', 'การเร็ว', 1),
(10978, '7959', 'เด็กหญิง', 'อภัสสราพร', 'คำอร่าม', 1),
(10977, '7957', 'เด็กหญิง', 'ศุภสุตา', 'ศักดิ์สูง', 1),
(10976, '7955', 'เด็กหญิง', 'รพินภา', 'สุวรรณศรี', 1),
(10975, '7954', 'เด็กหญิง', 'ยุพารัตน์', 'แซ่ย่าง', 1),
(10974, '7942', 'เด็กหญิง', 'ปวีณา', 'แซ่ย่าง', 1),
(10973, '7933', 'เด็กหญิง', 'ณัฐนิชา', 'สีน้อย', 1),
(10972, '7929', 'เด็กหญิง', 'ขวัญจิรา', 'ไชยวุฒิ', 1),
(10971, '7928', 'เด็กหญิง', 'เก๋อ', 'แซ่โซ้ง', 1),
(10970, '7943', 'เด็กชาย', 'ปัญญากร', 'การเร็ว', 1),
(10969, '7923', 'เด็กชาย', 'อภิชาต', 'แนวถาวร', 1),
(10968, '7921', 'เด็กชาย', 'อดิเทพ', 'กรดแก้ว', 1),
(10967, '7920', 'เด็กชาย', 'ศิโรเวฐน์', 'ยะไชย', 1),
(10966, '7918', 'เด็กชาย', 'รัฐภาค', 'อุประ', 1),
(10965, '7914', 'เด็กชาย', 'ภัทรพล', 'พันธ์เจริญ', 1),
(10964, '7912', 'เด็กชาย', 'พิพัฒน์', 'พินิจ', 1),
(10963, '7908', 'เด็กชาย', 'นันทิพัฒน์', 'สิงห์คำ', 1),
(10962, '7902', 'เด็กชาย', 'ธนวัฒน์', 'พินิจ', 1),
(10961, '7901', 'เด็กชาย', 'ดิศรณ์', 'แซ่เล้า', 1),
(10960, '7900', 'เด็กชาย', 'ณัฐพันธ์', 'เผ่าดี', 1),
(10957, '7897', 'เด็กชาย', 'จิตติพัฒน์', 'ยะนา', 1),
(10958, '7898', 'เด็กชาย', 'ชนกันต์', 'วุฒิศรี', 1),
(10959, '7899', 'เด็กชาย', 'ณัฐพัฒน์', 'ปันเจิง', 1),
(11354, '7372', 'นางสาว', 'เพ็ญพัตร์', 'ผ่องใส', 17),
(11355, '7390', 'นางสาว', 'พิมชนก', 'ใยมะเริง', 17),
(11356, '7393', 'นางสาว', 'สุนิสา', 'บุญจิตร', 17),
(11357, '7394', 'นางสาว', 'อรุโณทัย', 'สมชัย', 17),
(11358, '7410', 'นางสาว', 'ลักษิกา', 'ถนอม', 17),
(11359, '7413', 'นางสาว', 'สุจิตรา', 'วงษารัตน์', 17),
(11360, '7355', 'นาย', 'จตุรภุช', 'เผ่ากันทะ', 18),
(11361, '7362', 'นาย', 'พงศ์ณภัทร', 'อินต๊ะสาร', 18),
(11362, '7364', 'นาย', 'สิรภัทร', 'คำดี', 18),
(11363, '7395', 'นาย', 'กิติศักดิ์', 'มหาวัน', 18),
(11364, '7396', 'นาย', 'คณาธิป', 'ยินดี', 18),
(11365, '7405', 'นาย', 'อภิศิษฎ์', 'พินิจ', 18),
(11366, '7423', 'นาย', 'ธนัตถ์', 'เผ่าต๊ะใจ', 18),
(11367, '7369', 'นางสาว', 'ธิดารัตน์', 'โพนปลัด', 18),
(11368, '7373', 'นางสาว', 'ภคมล', 'นิลโฉม', 18),
(11369, '7374', 'นางสาว', 'สุรีรัตน์', 'เสมอเชื้อ', 18),
(11370, '7386', 'นางสาว', 'กัญญาวีร์', 'เครือดี', 18),
(11371, '7387', 'นางสาว', 'ชญานิศ', 'วุฒิศรี', 18),
(11372, '7391', 'นางสาว', 'ภัทรมล', 'เมืองมูล', 18),
(11373, '7406', 'นางสาว', 'ชญานิศ', 'ไชยมงคล', 18),
(11374, '7407', 'นางสาว', 'ณัฐริญา', 'สมศรี', 18),
(11375, '7408', 'นางสาว', 'ภาพิมล', 'วุ่นหา', 18),
(11376, '7422', 'นางสาว', 'ศิริประกาย', 'นันตา', 18),
(11377, '7424', 'นางสาว', 'ปิยากร', 'อุตทา', 18),
(11378, '7760', 'นางสาว', 'ปิยะธิดา', 'สุกุมาลย์', 18),
(11379, '7761', 'นางสาว', 'เปี่ยมปิติ', 'เจนใจ', 18),
(11380, '7762', 'นางสาว', 'พรสิริ', 'ศักดิ์สิทธานุภาพ', 18),
(11381, '7763', 'นางสาว', 'มณฑกานต์', 'ทรงธรรม', 18),
(11382, '7764', 'นางสาว', 'สุชาวลี', 'แซ่เล้า', 18),
(11383, '7600', 'นาย', 'ภาณุวัฒน์', 'เผ่ากันทะ', 11),
(11386, '7977', 'เด็กชาย', 'พงศกร', 'อินต๊ะสาร', 8),
(11387, '7978', 'เด็กชาย', 'เตชินท์ ', 'กาวี', 5),
(11388, '7979', 'เด็กชาย', 'ภัทรเวท', 'มาลามิ่ง', 4);

-- --------------------------------------------------------

--
-- Table structure for table `ck_users`
--

CREATE TABLE `ck_users` (
  `excel_id` int(11) NOT NULL,
  `id` int(10) NOT NULL,
  `email` varchar(255) NOT NULL,
  `password` varchar(255) NOT NULL,
  `name_title` varchar(55) NOT NULL,
  `name` varchar(255) NOT NULL,
  `surname` varchar(255) NOT NULL,
  `position` varchar(255) NOT NULL,
  `groups` varchar(255) NOT NULL,
  `status` int(11) NOT NULL
) ENGINE=InnoDB DEFAULT CHARSET=utf8mb4;

--
-- Dumping data for table `ck_users`
--

INSERT INTO `ck_users` (`excel_id`, `id`, `email`, `password`, `name_title`, `name`, `surname`, `position`, `groups`, `status`) VALUES
(85, 999, 'admin', 'admin', 'Mr', 'ADMIN', 'ADMIN', 'ADMIN', 'IT', 1),
(86, 1, '001', '001', 'นาย', 'ไพฑูรย์', 'คำดี', 'ครู', 'IT', 0),
(87, 2, '002', '002', 'นางสาว', 'สาวิตรี', 'คำต่อ', 'ครู', 'IT', 0),
(88, 3, '003', '003', 'นาย', 'พิชญพงษ์', 'เพียรจริง', 'ครู', 'IT', 0),
(89, 5, '005', '005', 'นาย', 'จิระเดช', 'ซองคำ', 'ครู', 'IT', 0),
(90, 6, '006', '006', 'ว่าที่ร้อยตรี', 'เจษฎา', 'แก้วจิโน', 'ครู', 'IT', 0),
(91, 7, '007', '007', 'นาย', 'ฉัตรชัย', 'ยะมา', 'ครู', 'IT', 0),
(92, 8, '008', '008', 'นางสาว', 'เดือนฉาย', 'จินดา', 'ครู', 'IT', 0),
(93, 9, '009', '009', 'นาย', 'ตาลเดี่ยว', 'ไชยวุฒิ', 'ครู', 'IT', 0),
(94, 10, '010', '010', 'นางสาว', 'ทัศนีย์', 'ชุ่มลือ', 'ครู', 'IT', 0);

--
-- Indexes for dumped tables
--

--
-- Indexes for table `ck_checking`
--
ALTER TABLE `ck_checking`
  ADD PRIMARY KEY (`id`);

--
-- Indexes for table `ck_courses`
--
ALTER TABLE `ck_courses`
  ADD PRIMARY KEY (`tb_course_id`);

--
-- Indexes for table `ck_main`
--
ALTER TABLE `ck_main`
  ADD PRIMARY KEY (`id`);

--
-- Indexes for table `ck_reg_courses`
--
ALTER TABLE `ck_reg_courses`
  ADD PRIMARY KEY (`id`);

--
-- Indexes for table `ck_rooms`
--
ALTER TABLE `ck_rooms`
  ADD PRIMARY KEY (`tb_room_id`);

--
-- Indexes for table `ck_students`
--
ALTER TABLE `ck_students`
  ADD PRIMARY KEY (`tb_student_id`);

--
-- Indexes for table `ck_users`
--
ALTER TABLE `ck_users`
  ADD PRIMARY KEY (`excel_id`);

--
-- AUTO_INCREMENT for dumped tables
--

--
-- AUTO_INCREMENT for table `ck_checking`
--
ALTER TABLE `ck_checking`
  MODIFY `id` int(10) NOT NULL AUTO_INCREMENT, AUTO_INCREMENT=106;

--
-- AUTO_INCREMENT for table `ck_courses`
--
ALTER TABLE `ck_courses`
  MODIFY `tb_course_id` int(12) NOT NULL AUTO_INCREMENT, AUTO_INCREMENT=253;

--
-- AUTO_INCREMENT for table `ck_main`
--
ALTER TABLE `ck_main`
  MODIFY `id` int(10) NOT NULL AUTO_INCREMENT, AUTO_INCREMENT=35;

--
-- AUTO_INCREMENT for table `ck_reg_courses`
--
ALTER TABLE `ck_reg_courses`
  MODIFY `id` int(11) NOT NULL AUTO_INCREMENT, AUTO_INCREMENT=4;

--
-- AUTO_INCREMENT for table `ck_rooms`
--
ALTER TABLE `ck_rooms`
  MODIFY `tb_room_id` int(12) NOT NULL AUTO_INCREMENT, AUTO_INCREMENT=19;

--
-- AUTO_INCREMENT for table `ck_students`
--
ALTER TABLE `ck_students`
  MODIFY `tb_student_id` int(12) NOT NULL AUTO_INCREMENT, AUTO_INCREMENT=11389;

--
-- AUTO_INCREMENT for table `ck_users`
--
ALTER TABLE `ck_users`
  MODIFY `excel_id` int(11) NOT NULL AUTO_INCREMENT, AUTO_INCREMENT=96;
COMMIT;

/*!40101 SET CHARACTER_SET_CLIENT=@OLD_CHARACTER_SET_CLIENT */;
/*!40101 SET CHARACTER_SET_RESULTS=@OLD_CHARACTER_SET_RESULTS */;
/*!40101 SET COLLATION_CONNECTION=@OLD_COLLATION_CONNECTION */;
